species,fishwise_file,fishwise_id
Amphichaetodon howensis,Amphichaetodon_howensis_FishWise_030360F000024W000002.jpg,030360F000024W000002
Chaetodon adiergastos,Chaetodon_adiergastos_FishWise_000669F000024W000001.jpg,000669F000024W000001
Chaetodon argentatus,Chaetodon_argentatus_FishWise_004409F000024W000004.jpg,004409F000024W000004
Chaetodon aureofasciatus,Chaetodon_aureofasciatus_FishWise_006046F000024W000002.jpg,006046F000024W000002
Chaetodon auriga,Chaetodon_auriga_FishWise_006157F000024W000056.jpg,006157F000024W000056
Chaetodon auripes,Chaetodon_auripes_FishWise_006172F000024W000001.jpg,006172F000024W000001
Chaetodon austriacus,Chaetodon_austriacus_FishWise_006503F000024W000004.jpg,006503F000024W000004
Chaetodon baronessa,Chaetodon_baronessa_FishWise_007419F000024W000003.jpg,007419F000024W000003
Chaetodon blackburnii,Chaetodon_blackburnii_FishWise_009005F000024W000004.jpg,009005F000024W000004
Chaetodon citrinellus,Chaetodon_citrinellus_FishWise_015270F000024W000001.jpg,015270F000024W000001
Chaetodon collare,Chaetodon_collare_FishWise_015726F000024W000002.jpg,015726F000024W000002
Chaetodon daedalma,Chaetodon_daedalma_FishWise_018082F000024W000001.jpg,018082F000024W000001
Chaetodon declivis,Chaetodon_declivis_FishWise_018544F000024W000004.jpg,018544F000024W000004
Chaetodon decussatus,Chaetodon_decussatus_FishWise_018588F000024W000002.jpg,018588F000024W000002
Chaetodon dialeucos,Chaetodon_dialeucos_FishWise_019176F000024W000002.jpg,019176F000024W000002
Chaetodon dialeucos,Chaetodon_dialeucos_FishWise_019176F000024W000003.jpg,019176F000024W000003
Chaetodon dolosus,Chaetodon_dolosus_FishWise_019748F000024W000001.jpg,019748F000024W000001
Chaetodon ephippium,Chaetodon_ephippium_FishWise_021561F000024W000002.jpg,021561F000024W000002
Chaetodon falcula,Chaetodon_falcula_FishWise_022574F000024W000001.jpg,022574F000024W000001
Chaetodon fasciatus,Chaetodon_fasciatus_FishWise_090685F000024W000005.jpg,090685F000024W000005
Chaetodon flavirostris,Chaetodon_flavirostris_FishWise_023881F000024W000001.jpg,023881F000024W000001
Chaetodon fremblii,Chaetodon_fremblii_FishWise_024634F000024W000001.jpg,024634F000024W000001
Chaetodon gardineri,Chaetodon_gardineri_FishWise_025566F000024W000003.jpg,025566F000024W000003
Chaetodon guentheri,Chaetodon_guentheri_FishWise_027857F000024W000002.jpg,027857F000024W000002
Chaetodon guttatissimus,Chaetodon_guttatissimus_FishWise_028217F000024W000006.jpg,028217F000024W000006
Chaetodon kleinii,Chaetodon_kleinii_FishWise_034237F000024W000001.jpg,034237F000024W000001
Chaetodon larvatus,Chaetodon_larvatus_FishWise_035586F000024W000001.jpg,035586F000024W000001
Chaetodon leucopleura,Chaetodon_leucopleura_FishWise_036818F000024W000002.jpg,036818F000024W000002
Chaetodon lineolatus,Chaetodon_lineolatus_FishWise_037464F000024W000002.jpg,037464F000024W000002
Chaetodon lunula,Chaetodon_lunula_FishWise_107206F000024W000003.jpg,107206F000024W000003
Chaetodon lunulatus,Chaetodon_lunulatus_FishWise_089264F000024W000004.jpg,089264F000024W000004
Chaetodon madagaskariensis,Chaetodon_madagaskariensis_FishWise_040973F000024W000004.jpg,040973F000024W000004
Chaetodon madagaskariensis,Chaetodon_madagaskariensis_FishWise_040973F000024W000007.jpg,040973F000024W000007
Chaetodon marleyi,Chaetodon_marleyi_FishWise_042046F000024W000003.jpg,042046F000024W000003
Chaetodon melapterus,Chaetodon_melapterus_FishWise_043599F000024W000001.jpg,043599F000024W000001
Chaetodon mertensii,Chaetodon_mertensii_FishWise_043949F000024W000001.jpg,043949F000024W000001
Chaetodon mesoleucos,Chaetodon_mesoleucos_FishWise_043992F000024W000002.jpg,043992F000024W000002
Chaetodon mesoleucos,Chaetodon_mesoleucos_FishWise_043992F000024W000005.jpg,043992F000024W000005
Chaetodon meyeri,Chaetodon_meyeri_FishWise_044132F000024W000008.jpg,044132F000024W000008
Chaetodon miliaris,Chaetodon_miliaris_FishWise_044973F000024W000002.jpg,044973F000024W000002
Chaetodon mitratus,Chaetodon_mitratus_FishWise_045446F000024W000001.jpg,045446F000024W000001
Chaetodon multicinctus,Chaetodon_multicinctus_FishWise_046454F000024W000003.jpg,046454F000024W000003
Chaetodon nigropunctatus,Chaetodon_nigropunctatus_FishWise_048831F000024W000001.jpg,048831F000024W000001
Chaetodon nippon,Chaetodon_nippon_FishWise_048989F000024W000001.jpg,048989F000024W000001
Chaetodon ocellicaudus,Chaetodon_ocellicaudus_FishWise_050523F000024W000001.jpg,050523F000024W000001
Chaetodon octofasciatus,Chaetodon_octofasciatus_FishWise_050607F000024W000002.jpg,050607F000024W000002
Chaetodon ornatissimus,Chaetodon_ornatissimus_FishWise_051623F000024W000001.jpg,051623F000024W000001
Chaetodon paucifasciatus,Chaetodon_paucifasciatus_FishWise_053582F000024W000001.jpg,053582F000024W000001
Chaetodon pelewensis,Chaetodon_pelewensis_FishWise_054006F000024W000004.jpg,054006F000024W000004
Chaetodon plebeius,Chaetodon_plebeius_FishWise_055849F000024W000001.jpg,055849F000024W000001
Chaetodon punctatofasciatus,Chaetodon_punctatofasciatus_FishWise_057807F000024W000001.jpg,057807F000024W000001
Chaetodon rafflesii,Chaetodon_rafflesii_FishWise_058805F000024W000001.jpg,058805F000024W000001
Chaetodon reticulatus,Chaetodon_reticulatus_FishWise_059555F000024W000001.jpg,059555F000024W000001
Chaetodon semeion,Chaetodon_semeion_FishWise_063473F000024W000001.jpg,063473F000024W000001
Chaetodon semilarvatus,Chaetodon_semilarvatus_FishWise_063576F000024W000002.jpg,063576F000024W000002
Chaetodon smithi,Chaetodon_smithi_FishWise_065128F000024W000001.jpg,065128F000024W000001
Chaetodon speculum,Chaetodon_speculum_FishWise_065598F000024W000004.jpg,065598F000024W000004
Chaetodon tinkeri,Chaetodon_tinkeri_FishWise_069790F000024W000006.jpg,069790F000024W000006
Chaetodon tricinctus,Chaetodon_tricinctus_FishWise_070375F000024W000001.jpg,070375F000024W000001
Chaetodon trifascialis,Chaetodon_trifascialis_FishWise_070463F000024W000002.jpg,070463F000024W000002
Chaetodon trifascialis,Chaetodon_trifascialis_FishWise_070463F000024W000001.jpg,070463F000024W000001
Chaetodon unimaculatus,Chaetodon_unimaculatus_FishWise_032065F000024W000003.jpg,032065F000024W000003
Chaetodon wiebeli,Chaetodon_wiebeli_FishWise_074591F000024W000003.jpg,074591F000024W000003
Chelmon rostratus,Chelmon_rostratus_FishWise_060866F000024W000001.jpg,060866F000024W000001
Coradion altivelis,Coradion_altivelis_FishWise_002365F000024W000003.jpg,002365F000024W000003
Coradion chrysozonus,Coradion_chrysozonus_FishWise_014871F000024W000001.jpg,014871F000024W000001
Coradion melanopus,Coradion_melanopus_FishWise_043349F000024W000005.jpg,043349F000024W000005
Forcipiger flavissimus,Forcipiger_flavissimus_FishWise_023887F000024W000002.jpg,023887F000024W000002
Hemitaurichthys polylepis,Hemitaurichthys_polylepis_FishWise_056345F000024W000001.jpg,056345F000024W000001
Hemitaurichthys zoster,Hemitaurichthys_zoster_FishWise_075707F000024W000004.jpg,075707F000024W000004
Heniochus acuminatus,Heniochus_acuminatus_FishWise_000442F000024W000003.jpg,000442F000024W000003
Heniochus chrysostomus,Heniochus_chrysostomus_FishWise_014849F000024W000002.jpg,014849F000024W000002
Heniochus diphreutes,Heniochus_diphreutes_FishWise_019404F000024W000002.jpg,019404F000024W000002
Heniochus intermedius,Heniochus_intermedius_FishWise_031956F000024W000001.jpg,031956F000024W000001
Heniochus monoceros,Heniochus_monoceros_FishWise_045840F000024W000002.jpg,045840F000024W000002
Heniochus pleurotaenia,Heniochus_pleurotaenia_FishWise_055941F000024W000002.jpg,055941F000024W000002
Heniochus singularius,Heniochus_singularius_FishWise_064983F000024W000001.jpg,064983F000024W000001
Heniochus varius,Heniochus_varius_FishWise_072587F000024W000002.jpg,072587F000024W000002
Parachaetodon ocellatus,Parachaetodon_ocellatus_FishWise_050474F000024W000002.jpg,050474F000024W000002
