species,fishwise_file,fishwise_id,best_bishop,best_ncc
Amphichaetodon howensis,Amphichaetodon_howensis_FishWise_030360F000024W000002.jpg,030360F000024W000002,,0
Chaetodon adiergastos,Chaetodon_adiergastos_FishWise_000669F000024W000001.jpg,000669F000024W000001,Chaetodon_adiergastos_Bishop_1979529705.jpg,0.59
Chaetodon argentatus,Chaetodon_argentatus_FishWise_004409F000024W000004.jpg,004409F000024W000004,Chaetodon_argentatus_Bishop_1074668308.jpg,0.538
Chaetodon aureofasciatus,Chaetodon_aureofasciatus_FishWise_006046F000024W000002.jpg,006046F000024W000002,Chaetodon_aureofasciatus_Bishop_1459626629.jpg,0.798
Chaetodon auriga,Chaetodon_auriga_FishWise_006157F000024W000056.jpg,006157F000024W000056,Chaetodon_auriga_Bishop_-2122348146.jpg,0.813
Chaetodon auripes,Chaetodon_auripes_FishWise_006172F000024W000001.jpg,006172F000024W000001,Chaetodon_auripes_Bishop_1839596140.jpg,0.226
Chaetodon austriacus,Chaetodon_austriacus_FishWise_006503F000024W000004.jpg,006503F000024W000004,Chaetodon_austriacus_Bishop_-1737564550.jpg,0.496
Chaetodon baronessa,Chaetodon_baronessa_FishWise_007419F000024W000003.jpg,007419F000024W000003,Chaetodon_baronessa_Bishop_601798515.jpg,0.421
Chaetodon blackburnii,Chaetodon_blackburnii_FishWise_009005F000024W000004.jpg,009005F000024W000004,Chaetodon_blackburnii_Bishop_300609141.jpg,0.508
Chaetodon citrinellus,Chaetodon_citrinellus_FishWise_015270F000024W000001.jpg,015270F000024W000001,Chaetodon_citrinellus_Bishop_-1937929700.jpg,0.781
Chaetodon collare,Chaetodon_collare_FishWise_015726F000024W000002.jpg,015726F000024W000002,Chaetodon_collare_Bishop_1999007469.jpg,0.018
Chaetodon daedalma,Chaetodon_daedalma_FishWise_018082F000024W000001.jpg,018082F000024W000001,Chaetodon_daedalma_Bishop_1811677923.jpg,0.116
Chaetodon declivis,Chaetodon_declivis_FishWise_018544F000024W000004.jpg,018544F000024W000004,Chaetodon_declivis_Bishop_1376440265.jpg,0.729
Chaetodon decussatus,Chaetodon_decussatus_FishWise_018588F000024W000002.jpg,018588F000024W000002,Chaetodon_decussatus_Bishop_527122207.jpg,0.619
Chaetodon dialeucos,Chaetodon_dialeucos_FishWise_019176F000024W000002.jpg,019176F000024W000002,Chaetodon_dialeucos_Bishop_1297085044.jpg,0.021
Chaetodon dialeucos,Chaetodon_dialeucos_FishWise_019176F000024W000003.jpg,019176F000024W000003,Chaetodon_dialeucos_Bishop_1297085044.jpg,0.366
Chaetodon dolosus,Chaetodon_dolosus_FishWise_019748F000024W000001.jpg,019748F000024W000001,Chaetodon_dolosus_Bishop_-1008609691.jpg,0.408
Chaetodon ephippium,Chaetodon_ephippium_FishWise_021561F000024W000002.jpg,021561F000024W000002,Chaetodon_ephippium_Bishop_-1248760382.jpg,0.824
Chaetodon falcula,Chaetodon_falcula_FishWise_022574F000024W000001.jpg,022574F000024W000001,Chaetodon_falcula_Bishop_1821335233.jpg,0.609
Chaetodon fasciatus,Chaetodon_fasciatus_FishWise_090685F000024W000005.jpg,090685F000024W000005,Chaetodon_fasciatus_Bishop_-1886056978.jpg,0.563
Chaetodon flavirostris,Chaetodon_flavirostris_FishWise_023881F000024W000001.jpg,023881F000024W000001,Chaetodon_flavirostris_Bishop_1864146380.jpg,0.335
Chaetodon fremblii,Chaetodon_fremblii_FishWise_024634F000024W000001.jpg,024634F000024W000001,Chaetodon_fremblii_Bishop_5130835.jpg,0.822
Chaetodon gardineri,Chaetodon_gardineri_FishWise_025566F000024W000003.jpg,025566F000024W000003,Chaetodon_gardineri_Bishop_-1706450280.jpg,0.703
Chaetodon guentheri,Chaetodon_guentheri_FishWise_027857F000024W000002.jpg,027857F000024W000002,Chaetodon_guentheri_Bishop_-184146759.jpg,0.438
Chaetodon guttatissimus,Chaetodon_guttatissimus_FishWise_028217F000024W000006.jpg,028217F000024W000006,Chaetodon_guttatissimus_Bishop_-397235578.jpg,0.68
Chaetodon kleinii,Chaetodon_kleinii_FishWise_034237F000024W000001.jpg,034237F000024W000001,Chaetodon_kleinii_Bishop_308997156.jpg,0.553
Chaetodon larvatus,Chaetodon_larvatus_FishWise_035586F000024W000001.jpg,035586F000024W000001,Chaetodon_larvatus_Bishop_1783626891.jpg,0.172
Chaetodon leucopleura,Chaetodon_leucopleura_FishWise_036818F000024W000002.jpg,036818F000024W000002,Chaetodon_leucopleura_Bishop_951338608.jpg,0.554
Chaetodon lineolatus,Chaetodon_lineolatus_FishWise_037464F000024W000002.jpg,037464F000024W000002,Chaetodon_lineolatus_Bishop_1526268337.jpg,0.773
Chaetodon lunula,Chaetodon_lunula_FishWise_107206F000024W000003.jpg,107206F000024W000003,Chaetodon_lunula_Bishop_543936522.jpg,0.763
Chaetodon lunulatus,Chaetodon_lunulatus_FishWise_089264F000024W000004.jpg,089264F000024W000004,Chaetodon_lunulatus_Bishop_1378116790.jpg,0.752
Chaetodon madagaskariensis,Chaetodon_madagaskariensis_FishWise_040973F000024W000004.jpg,040973F000024W000004,Chaetodon_madagaskariensis_Bishop_1210446292.jpg,0.718
Chaetodon madagaskariensis,Chaetodon_madagaskariensis_FishWise_040973F000024W000007.jpg,040973F000024W000007,Chaetodon_madagaskariensis_Bishop_1210446292.jpg,0.816
Chaetodon marleyi,Chaetodon_marleyi_FishWise_042046F000024W000003.jpg,042046F000024W000003,Chaetodon_marleyi_Bishop_384825925.jpg,0.694
Chaetodon melapterus,Chaetodon_melapterus_FishWise_043599F000024W000001.jpg,043599F000024W000001,Chaetodon_melapterus_Bishop_-738901426.jpg,0.435
Chaetodon mertensii,Chaetodon_mertensii_FishWise_043949F000024W000001.jpg,043949F000024W000001,Chaetodon_mertensii_Bishop_-727881428.jpg,0.688
Chaetodon mesoleucos,Chaetodon_mesoleucos_FishWise_043992F000024W000002.jpg,043992F000024W000002,Chaetodon_mesoleucos_Bishop_-899095560.jpg,0.231
Chaetodon mesoleucos,Chaetodon_mesoleucos_FishWise_043992F000024W000005.jpg,043992F000024W000005,Chaetodon_mesoleucos_Bishop_-899095560.jpg,0.224
Chaetodon meyeri,Chaetodon_meyeri_FishWise_044132F000024W000008.jpg,044132F000024W000008,Chaetodon_meyeri_Bishop_-146742631.jpg,0.556
Chaetodon meyeri,Chaetodon_meyeri_FishWise_044132F000024W000001.jpg,044132F000024W000001,Chaetodon_meyeri_Bishop_-146742631.jpg,0.845
Chaetodon miliaris,Chaetodon_miliaris_FishWise_044973F000024W000002.jpg,044973F000024W000002,Chaetodon_miliaris_Bishop_1720766063.jpg,0.841
Chaetodon mitratus,Chaetodon_mitratus_FishWise_045446F000024W000001.jpg,045446F000024W000001,Chaetodon_mitratus_Bishop_-777256060.jpg,0.299
Chaetodon multicinctus,Chaetodon_multicinctus_FishWise_046454F000024W000003.jpg,046454F000024W000003,Chaetodon_multicinctus_Bishop_-1285212619.jpg,0.779
Chaetodon nigropunctatus,Chaetodon_nigropunctatus_FishWise_048831F000024W000001.jpg,048831F000024W000001,Chaetodon_nigropunctatus_Bishop_276052843.jpg,0.142
Chaetodon nippon,Chaetodon_nippon_FishWise_048989F000024W000001.jpg,048989F000024W000001,Chaetodon_nippon_Bishop_-751379567.jpg,0.448
Chaetodon ocellicaudus,Chaetodon_ocellicaudus_FishWise_050523F000024W000001.jpg,050523F000024W000001,Chaetodon_ocellicaudus_Bishop_958979710.jpg,0.775
Chaetodon octofasciatus,Chaetodon_octofasciatus_FishWise_050607F000024W000002.jpg,050607F000024W000002,Chaetodon_octofasciatus_Bishop_1838436391.jpg,0.583
Chaetodon ornatissimus,Chaetodon_ornatissimus_FishWise_051623F000024W000001.jpg,051623F000024W000001,Chaetodon_ornatissimus_Bishop_164962524.jpg,0.587
Chaetodon paucifasciatus,Chaetodon_paucifasciatus_FishWise_053582F000024W000001.jpg,053582F000024W000001,Chaetodon_paucifasciatus_Bishop_-1576082838.jpg,0.726
Chaetodon pelewensis,Chaetodon_pelewensis_FishWise_054006F000024W000004.jpg,054006F000024W000004,Chaetodon_pelewensis_Bishop_-460781405.jpg,0.565
Chaetodon plebeius,Chaetodon_plebeius_FishWise_055849F000024W000001.jpg,055849F000024W000001,Chaetodon_plebeius_Bishop_-531604202.jpg,0.738
Chaetodon punctatofasciatus,Chaetodon_punctatofasciatus_FishWise_057807F000024W000001.jpg,057807F000024W000001,Chaetodon_punctatofasciatus_Bishop_1458053428.jpg,0.743
Chaetodon rafflesii,Chaetodon_rafflesii_FishWise_058805F000024W000001.jpg,058805F000024W000001,Chaetodon_rafflesii_Bishop_497192485.jpg,0.812
Chaetodon reticulatus,Chaetodon_reticulatus_FishWise_059555F000024W000001.jpg,059555F000024W000001,Chaetodon_reticulatus_Bishop_-2063111040.jpg,0.16
Chaetodon semeion,Chaetodon_semeion_FishWise_063473F000024W000001.jpg,063473F000024W000001,Chaetodon_semeion_Bishop_-1205919593.jpg,0.834
Chaetodon semilarvatus,Chaetodon_semilarvatus_FishWise_063576F000024W000002.jpg,063576F000024W000002,Chaetodon_semilarvatus_Bishop_-947886964.jpg,0.743
Chaetodon smithi,Chaetodon_smithi_FishWise_065128F000024W000001.jpg,065128F000024W000001,Chaetodon_smithi_Bishop_-1166721005.jpg,0.74
Chaetodon speculum,Chaetodon_speculum_FishWise_065598F000024W000004.jpg,065598F000024W000004,Chaetodon_speculum_Bishop_65885528.jpg,0.543
Chaetodon tinkeri,Chaetodon_tinkeri_FishWise_069790F000024W000006.jpg,069790F000024W000006,Chaetodon_tinkeri_Bishop_-1989865351.jpg,0.749
Chaetodon tricinctus,Chaetodon_tricinctus_FishWise_070375F000024W000001.jpg,070375F000024W000001,Chaetodon_tricinctus_Bishop_28770837.jpg,0.374
Chaetodon trifascialis,Chaetodon_trifascialis_FishWise_070463F000024W000002.jpg,070463F000024W000002,Chaetodon_trifascialis_Bishop_-500274613.jpg,0.733
Chaetodon trifascialis,Chaetodon_trifascialis_FishWise_070463F000024W000001.jpg,070463F000024W000001,Chaetodon_trifascialis_Bishop_-500274613.jpg,0.758
Chaetodon unimaculatus,Chaetodon_unimaculatus_FishWise_032065F000024W000003.jpg,032065F000024W000003,Chaetodon_unimaculatus_Bishop_-2035665860.jpg,0.775
Chaetodon wiebeli,Chaetodon_wiebeli_FishWise_074591F000024W000003.jpg,074591F000024W000003,Chaetodon_wiebeli_Bishop_532247427.jpg,0.718
Chelmon rostratus,Chelmon_rostratus_FishWise_060866F000024W000001.jpg,060866F000024W000001,Chelmon_rostratus_Bishop_-1630595999.jpg,0.611
Coradion altivelis,Coradion_altivelis_FishWise_002365F000024W000003.jpg,002365F000024W000003,Coradion_altivelis_Bishop_-1400875907.jpg,0.344
Coradion chrysozonus,Coradion_chrysozonus_FishWise_014871F000024W000001.jpg,014871F000024W000001,Coradion_chrysozonus_Bishop_28243640.jpg,0.571
Coradion melanopus,Coradion_melanopus_FishWise_043349F000024W000005.jpg,043349F000024W000005,Coradion_melanopus_Bishop_-1537131019.jpg,0.135
Forcipiger flavissimus,Forcipiger_flavissimus_FishWise_023887F000024W000002.jpg,023887F000024W000002,Forcipiger_flavissimus_Bishop_-1224605166.jpg,0.719
Hemitaurichthys polylepis,Hemitaurichthys_polylepis_FishWise_056345F000024W000001.jpg,056345F000024W000001,Hemitaurichthys_polylepis_Bishop_224753564.jpg,0.728
Hemitaurichthys zoster,Hemitaurichthys_zoster_FishWise_075707F000024W000004.jpg,075707F000024W000004,,0
Heniochus acuminatus,Heniochus_acuminatus_FishWise_000442F000024W000003.jpg,000442F000024W000003,Heniochus_acuminatus_Bishop_1817843498.jpg,0.348
Heniochus chrysostomus,Heniochus_chrysostomus_FishWise_014849F000024W000002.jpg,014849F000024W000002,Heniochus_chrysostomus_Bishop_1854375753.jpg,0.022
Heniochus diphreutes,Heniochus_diphreutes_FishWise_019404F000024W000002.jpg,019404F000024W000002,Heniochus_diphreutes_Bishop_1453219286.jpg,0.288
Heniochus intermedius,Heniochus_intermedius_FishWise_031956F000024W000001.jpg,031956F000024W000001,Heniochus_intermedius_Bishop_-20578450.jpg,0.521
Heniochus monoceros,Heniochus_monoceros_FishWise_045840F000024W000002.jpg,045840F000024W000002,Heniochus_monoceros_Bishop_-980348940.jpg,0.353
Heniochus pleurotaenia,Heniochus_pleurotaenia_FishWise_055941F000024W000002.jpg,055941F000024W000002,Heniochus_pleurotaenia_Bishop_-1006778558.jpg,0.201
Heniochus singularius,Heniochus_singularius_FishWise_064983F000024W000001.jpg,064983F000024W000001,Heniochus_singularius_Bishop_2065781403.jpg,0.072
Heniochus varius,Heniochus_varius_FishWise_072587F000024W000002.jpg,072587F000024W000002,Heniochus_varius_Bishop_2014348865.jpg,0.068
Parachaetodon ocellatus,Parachaetodon_ocellatus_FishWise_050474F000024W000002.jpg,050474F000024W000002,Parachaetodon_ocellatus_Bishop_-154342580.jpg,0.679
