species,species_dir,png_name,original_source,image_type,image_path,grayscale_path,gestalt_k
Amphichaetodon howensis,Amphichaetodon_howensis,Amphichaetodon_howensis_Bishop_472868867 Background Removed.png,Bishop,segmented,/Users/michaelalfaro/Dropbox/git/downloading-fish-images-2026/analysis/approach_1_gmm/segmented/Amphichaetodon_howensis/Amphichaetodon_howensis_Bishop_472868867 Background Removed.png,/Users/michaelalfaro/Dropbox/git/downloading-fish-images-2026/pilot_analysis/grayscale_images/Amphichaetodon_howensis/Amphichaetodon_howensis_Bishop_472868867 Background Removed.png,3
Amphichaetodon melbae,Amphichaetodon_melbae,Amphichaetodon_melbae_iNaturalist_510100646.png,iNat,oriented,/Users/michaelalfaro/Dropbox/git/downloading-fish-images-2026/analysis/approach_1_gmm/oriented/Amphichaetodon_melbae/Amphichaetodon_melbae_iNaturalist_510100646.png,/Users/michaelalfaro/Dropbox/git/downloading-fish-images-2026/pilot_analysis/grayscale_images/Amphichaetodon_melbae/Amphichaetodon_melbae_iNaturalist_510100646.png,4
Chaetodon adiergastos,Chaetodon_adiergastos,Chaetodon_adiergastos_FishBase_Chadi_u1.png,FishBase,segmented,/Users/michaelalfaro/Dropbox/git/downloading-fish-images-2026/analysis/approach_1_gmm/segmented/Chaetodon_adiergastos/Chaetodon_adiergastos_FishBase_Chadi_u1.png,/Users/michaelalfaro/Dropbox/git/downloading-fish-images-2026/pilot_analysis/grayscale_images/Chaetodon_adiergastos/Chaetodon_adiergastos_FishBase_Chadi_u1.png,4
Chaetodon andamanensis,Chaetodon_andamanensis,Chaetodon_andamanensis_FishBase_Chand_u0.png,FishBase,segmented,/Users/michaelalfaro/Dropbox/git/downloading-fish-images-2026/analysis/approach_1_gmm/segmented/Chaetodon_andamanensis/Chaetodon_andamanensis_FishBase_Chand_u0.png,/Users/michaelalfaro/Dropbox/git/downloading-fish-images-2026/pilot_analysis/grayscale_images/Chaetodon_andamanensis/Chaetodon_andamanensis_FishBase_Chand_u0.png,2
Chaetodon argentatus,Chaetodon_argentatus,Chaetodon_argentatus_FishBase_Charg_u2.png,FishBase,segmented,/Users/michaelalfaro/Dropbox/git/downloading-fish-images-2026/analysis/approach_1_gmm/segmented/Chaetodon_argentatus/Chaetodon_argentatus_FishBase_Charg_u2.png,/Users/michaelalfaro/Dropbox/git/downloading-fish-images-2026/pilot_analysis/grayscale_images/Chaetodon_argentatus/Chaetodon_argentatus_FishBase_Charg_u2.png,2
Chaetodon assarius,Chaetodon_assarius,Chaetodon_assarius_FishBase_Chass_u0.png,FishBase,segmented,/Users/michaelalfaro/Dropbox/git/downloading-fish-images-2026/analysis/approach_1_gmm/segmented/Chaetodon_assarius/Chaetodon_assarius_FishBase_Chass_u0.png,/Users/michaelalfaro/Dropbox/git/downloading-fish-images-2026/pilot_analysis/grayscale_images/Chaetodon_assarius/Chaetodon_assarius_FishBase_Chass_u0.png,3
Chaetodon aureofasciatus,Chaetodon_aureofasciatus,Chaetodon_aureofasciatus_FishBase_Chaur_u1.png,FishBase,segmented,/Users/michaelalfaro/Dropbox/git/downloading-fish-images-2026/analysis/approach_1_gmm/segmented/Chaetodon_aureofasciatus/Chaetodon_aureofasciatus_FishBase_Chaur_u1.png,/Users/michaelalfaro/Dropbox/git/downloading-fish-images-2026/pilot_analysis/grayscale_images/Chaetodon_aureofasciatus/Chaetodon_aureofasciatus_FishBase_Chaur_u1.png,3
Chaetodon auriga,Chaetodon_auriga,Chaetodon_auriga_FishBase_Chaur_u5.png,FishBase,segmented,/Users/michaelalfaro/Dropbox/git/downloading-fish-images-2026/analysis/approach_1_gmm/segmented/Chaetodon_auriga/Chaetodon_auriga_FishBase_Chaur_u5.png,/Users/michaelalfaro/Dropbox/git/downloading-fish-images-2026/pilot_analysis/grayscale_images/Chaetodon_auriga/Chaetodon_auriga_FishBase_Chaur_u5.png,3
Chaetodon auripes,Chaetodon_auripes,Chaetodon_auripes_FishBase_Chaur_uc.png,FishBase,segmented,/Users/michaelalfaro/Dropbox/git/downloading-fish-images-2026/analysis/approach_1_gmm/segmented/Chaetodon_auripes/Chaetodon_auripes_FishBase_Chaur_uc.png,/Users/michaelalfaro/Dropbox/git/downloading-fish-images-2026/pilot_analysis/grayscale_images/Chaetodon_auripes/Chaetodon_auripes_FishBase_Chaur_uc.png,3
Chaetodon austriacus,Chaetodon_austriacus,Chaetodon_austriacus_FishBase_Chaus_u1.png,FishBase,segmented,/Users/michaelalfaro/Dropbox/git/downloading-fish-images-2026/analysis/approach_1_gmm/segmented/Chaetodon_austriacus/Chaetodon_austriacus_FishBase_Chaus_u1.png,/Users/michaelalfaro/Dropbox/git/downloading-fish-images-2026/pilot_analysis/grayscale_images/Chaetodon_austriacus/Chaetodon_austriacus_FishBase_Chaus_u1.png,3
Chaetodon baronessa,Chaetodon_baronessa,Chaetodon_baronessa_FishBase_Chbar_u0.png,FishBase,segmented,/Users/michaelalfaro/Dropbox/git/downloading-fish-images-2026/analysis/approach_1_gmm/segmented/Chaetodon_baronessa/Chaetodon_baronessa_FishBase_Chbar_u0.png,/Users/michaelalfaro/Dropbox/git/downloading-fish-images-2026/pilot_analysis/grayscale_images/Chaetodon_baronessa/Chaetodon_baronessa_FishBase_Chbar_u0.png,3
Chaetodon bennetti,Chaetodon_bennetti,Chaetodon_bennetti_FishBase_Chben_u1.png,FishBase,segmented,/Users/michaelalfaro/Dropbox/git/downloading-fish-images-2026/analysis/approach_1_gmm/segmented/Chaetodon_bennetti/Chaetodon_bennetti_FishBase_Chben_u1.png,/Users/michaelalfaro/Dropbox/git/downloading-fish-images-2026/pilot_analysis/grayscale_images/Chaetodon_bennetti/Chaetodon_bennetti_FishBase_Chben_u1.png,3
Chaetodon blackburnii,Chaetodon_blackburnii,Chaetodon_blackburnii_FishBase_Chbla_u0.png,FishBase,segmented,/Users/michaelalfaro/Dropbox/git/downloading-fish-images-2026/analysis/approach_1_gmm/segmented/Chaetodon_blackburnii/Chaetodon_blackburnii_FishBase_Chbla_u0.png,/Users/michaelalfaro/Dropbox/git/downloading-fish-images-2026/pilot_analysis/grayscale_images/Chaetodon_blackburnii/Chaetodon_blackburnii_FishBase_Chbla_u0.png,3
Chaetodon burgessi,Chaetodon_burgessi,Chaetodon_burgessi_FishBase_Chbur_u5.png,FishBase,segmented,/Users/michaelalfaro/Dropbox/git/downloading-fish-images-2026/analysis/approach_1_gmm/segmented/Chaetodon_burgessi/Chaetodon_burgessi_FishBase_Chbur_u5.png,/Users/michaelalfaro/Dropbox/git/downloading-fish-images-2026/pilot_analysis/grayscale_images/Chaetodon_burgessi/Chaetodon_burgessi_FishBase_Chbur_u5.png,2
Chaetodon capistratus,Chaetodon_capistratus,Chaetodon_capistratus_FishBase_Chcap_u9.png,FishBase,segmented,/Users/michaelalfaro/Dropbox/git/downloading-fish-images-2026/analysis/approach_1_gmm/segmented/Chaetodon_capistratus/Chaetodon_capistratus_FishBase_Chcap_u9.png,/Users/michaelalfaro/Dropbox/git/downloading-fish-images-2026/pilot_analysis/grayscale_images/Chaetodon_capistratus/Chaetodon_capistratus_FishBase_Chcap_u9.png,4
Chaetodon citrinellus,Chaetodon_citrinellus,Chaetodon_citrinellus_FishBase_Chcit_u1.png,FishBase,segmented,/Users/michaelalfaro/Dropbox/git/downloading-fish-images-2026/analysis/approach_1_gmm/segmented/Chaetodon_citrinellus/Chaetodon_citrinellus_FishBase_Chcit_u1.png,/Users/michaelalfaro/Dropbox/git/downloading-fish-images-2026/pilot_analysis/grayscale_images/Chaetodon_citrinellus/Chaetodon_citrinellus_FishBase_Chcit_u1.png,3
Chaetodon collare,Chaetodon_collare,Chaetodon_collare_Bishop_1999007469.png,segmented,segmented,/Users/michaelalfaro/Dropbox/git/downloading-fish-images-2026/analysis/approach_1_gmm/segmented/Chaetodon_collare/Chaetodon_collare_Bishop_1999007469.png,/Users/michaelalfaro/Dropbox/git/downloading-fish-images-2026/pilot_analysis/grayscale_images/Chaetodon_collare/Chaetodon_collare_Bishop_1999007469.png,4
Chaetodon daedalma,Chaetodon_daedalma,Chaetodon_daedalma_Bishop_1811677923.png,segmented,segmented,/Users/michaelalfaro/Dropbox/git/downloading-fish-images-2026/analysis/approach_1_gmm/segmented/Chaetodon_daedalma/Chaetodon_daedalma_Bishop_1811677923.png,/Users/michaelalfaro/Dropbox/git/downloading-fish-images-2026/pilot_analysis/grayscale_images/Chaetodon_daedalma/Chaetodon_daedalma_Bishop_1811677923.png,3
Chaetodon declivis,Chaetodon_declivis,Chaetodon_declivis_FishBase_Chdec_u2.png,FishBase,segmented,/Users/michaelalfaro/Dropbox/git/downloading-fish-images-2026/analysis/approach_1_gmm/segmented/Chaetodon_declivis/Chaetodon_declivis_FishBase_Chdec_u2.png,/Users/michaelalfaro/Dropbox/git/downloading-fish-images-2026/pilot_analysis/grayscale_images/Chaetodon_declivis/Chaetodon_declivis_FishBase_Chdec_u2.png,4
Chaetodon decussatus,Chaetodon_decussatus,Chaetodon_decussatus_Bishop_527122207.png,Bishop,oriented,/Users/michaelalfaro/Dropbox/git/downloading-fish-images-2026/analysis/approach_1_gmm/oriented/Chaetodon_decussatus/Chaetodon_decussatus_Bishop_527122207.png,/Users/michaelalfaro/Dropbox/git/downloading-fish-images-2026/pilot_analysis/grayscale_images/Chaetodon_decussatus/Chaetodon_decussatus_Bishop_527122207.png,4
Chaetodon dialeucos,Chaetodon_dialeucos,Chaetodon_dialeucos_FishBase_Chdia_u0.png,FishBase,segmented,/Users/michaelalfaro/Dropbox/git/downloading-fish-images-2026/analysis/approach_1_gmm/segmented/Chaetodon_dialeucos/Chaetodon_dialeucos_FishBase_Chdia_u0.png,/Users/michaelalfaro/Dropbox/git/downloading-fish-images-2026/pilot_analysis/grayscale_images/Chaetodon_dialeucos/Chaetodon_dialeucos_FishBase_Chdia_u0.png,3
Chaetodon dolosus,Chaetodon_dolosus,Chaetodon_dolosus_Bishop_-1008609691.png,Bishop,segmented,/Users/michaelalfaro/Dropbox/git/downloading-fish-images-2026/analysis/approach_1_gmm/segmented/Chaetodon_dolosus/Chaetodon_dolosus_Bishop_-1008609691.png,/Users/michaelalfaro/Dropbox/git/downloading-fish-images-2026/pilot_analysis/grayscale_images/Chaetodon_dolosus/Chaetodon_dolosus_Bishop_-1008609691.png,4
Chaetodon ephippium,Chaetodon_ephippium,Chaetodon_ephippium_Bishop_-1179871461.png,segmented,segmented,/Users/michaelalfaro/Dropbox/git/downloading-fish-images-2026/analysis/approach_1_gmm/segmented/Chaetodon_ephippium/Chaetodon_ephippium_Bishop_-1179871461.png,/Users/michaelalfaro/Dropbox/git/downloading-fish-images-2026/pilot_analysis/grayscale_images/Chaetodon_ephippium/Chaetodon_ephippium_Bishop_-1179871461.png,5
Chaetodon excelsa,Chaetodon_excelsa,Chaetodon_excelsa_Bishop_853070272.png,Bishop,segmented,/Users/michaelalfaro/Dropbox/git/downloading-fish-images-2026/analysis/approach_1_gmm/segmented/Chaetodon_excelsa/Chaetodon_excelsa_Bishop_853070272.png,/Users/michaelalfaro/Dropbox/git/downloading-fish-images-2026/pilot_analysis/grayscale_images/Chaetodon_excelsa/Chaetodon_excelsa_Bishop_853070272.png,3
Chaetodon falcula,Chaetodon_falcula,Chaetodon_falcula_Bishop_1821335233.png,segmented,segmented,/Users/michaelalfaro/Dropbox/git/downloading-fish-images-2026/analysis/approach_1_gmm/segmented/Chaetodon_falcula/Chaetodon_falcula_Bishop_1821335233.png,/Users/michaelalfaro/Dropbox/git/downloading-fish-images-2026/pilot_analysis/grayscale_images/Chaetodon_falcula/Chaetodon_falcula_Bishop_1821335233.png,4
Chaetodon fasciatus,Chaetodon_fasciatus,Chaetodon_fasciatus_Bishop_-1886056978.png,segmented,segmented,/Users/michaelalfaro/Dropbox/git/downloading-fish-images-2026/analysis/approach_1_gmm/segmented/Chaetodon_fasciatus/Chaetodon_fasciatus_Bishop_-1886056978.png,/Users/michaelalfaro/Dropbox/git/downloading-fish-images-2026/pilot_analysis/grayscale_images/Chaetodon_fasciatus/Chaetodon_fasciatus_Bishop_-1886056978.png,3
Chaetodon flavirostris,Chaetodon_flavirostris,Chaetodon_flavirostris_Bishop_1864146380.png,segmented,segmented,/Users/michaelalfaro/Dropbox/git/downloading-fish-images-2026/analysis/approach_1_gmm/segmented/Chaetodon_flavirostris/Chaetodon_flavirostris_Bishop_1864146380.png,/Users/michaelalfaro/Dropbox/git/downloading-fish-images-2026/pilot_analysis/grayscale_images/Chaetodon_flavirostris/Chaetodon_flavirostris_Bishop_1864146380.png,3
Chaetodon flavocoronatus,Chaetodon_flavocoronatus,Chaetodon_flavocoronatus_FishBase_Chfla_u5.png,FishBase,segmented,/Users/michaelalfaro/Dropbox/git/downloading-fish-images-2026/analysis/approach_1_gmm/segmented/Chaetodon_flavocoronatus/Chaetodon_flavocoronatus_FishBase_Chfla_u5.png,/Users/michaelalfaro/Dropbox/git/downloading-fish-images-2026/pilot_analysis/grayscale_images/Chaetodon_flavocoronatus/Chaetodon_flavocoronatus_FishBase_Chfla_u5.png,4
Chaetodon fremblii,Chaetodon_fremblii,Chaetodon_fremblii_Bishop_5130835.png,segmented,segmented,/Users/michaelalfaro/Dropbox/git/downloading-fish-images-2026/analysis/approach_1_gmm/segmented/Chaetodon_fremblii/Chaetodon_fremblii_Bishop_5130835.png,/Users/michaelalfaro/Dropbox/git/downloading-fish-images-2026/pilot_analysis/grayscale_images/Chaetodon_fremblii/Chaetodon_fremblii_Bishop_5130835.png,4
Chaetodon gardineri,Chaetodon_gardineri,Chaetodon_gardineri_FishBase_Chgar_u0.png,FishBase,segmented,/Users/michaelalfaro/Dropbox/git/downloading-fish-images-2026/analysis/approach_1_gmm/segmented/Chaetodon_gardineri/Chaetodon_gardineri_FishBase_Chgar_u0.png,/Users/michaelalfaro/Dropbox/git/downloading-fish-images-2026/pilot_analysis/grayscale_images/Chaetodon_gardineri/Chaetodon_gardineri_FishBase_Chgar_u0.png,3
Chaetodon guentheri,Chaetodon_guentheri,Chaetodon_guentheri_Bishop_-184146759.png,segmented,segmented,/Users/michaelalfaro/Dropbox/git/downloading-fish-images-2026/analysis/approach_1_gmm/segmented/Chaetodon_guentheri/Chaetodon_guentheri_Bishop_-184146759.png,/Users/michaelalfaro/Dropbox/git/downloading-fish-images-2026/pilot_analysis/grayscale_images/Chaetodon_guentheri/Chaetodon_guentheri_Bishop_-184146759.png,4
Chaetodon guttatissimus,Chaetodon_guttatissimus,Chaetodon_guttatissimus_FishBase_Chgut_u0.png,FishBase,segmented,/Users/michaelalfaro/Dropbox/git/downloading-fish-images-2026/analysis/approach_1_gmm/segmented/Chaetodon_guttatissimus/Chaetodon_guttatissimus_FishBase_Chgut_u0.png,/Users/michaelalfaro/Dropbox/git/downloading-fish-images-2026/pilot_analysis/grayscale_images/Chaetodon_guttatissimus/Chaetodon_guttatissimus_FishBase_Chgut_u0.png,4
Chaetodon hoefleri,Chaetodon_hoefleri,Chaetodon_hoefleri_FishBase_Chhoe_u0.png,segmented,segmented,/Users/michaelalfaro/Dropbox/git/downloading-fish-images-2026/analysis/approach_1_gmm/segmented/Chaetodon_hoefleri/Chaetodon_hoefleri_FishBase_Chhoe_u0.png,/Users/michaelalfaro/Dropbox/git/downloading-fish-images-2026/pilot_analysis/grayscale_images/Chaetodon_hoefleri/Chaetodon_hoefleri_FishBase_Chhoe_u0.png,4
Chaetodon humeralis,Chaetodon_humeralis,Chaetodon_humeralis_FishBase_Chhum_u3.png,segmented,segmented,/Users/michaelalfaro/Dropbox/git/downloading-fish-images-2026/analysis/approach_1_gmm/segmented/Chaetodon_humeralis/Chaetodon_humeralis_FishBase_Chhum_u3.png,/Users/michaelalfaro/Dropbox/git/downloading-fish-images-2026/pilot_analysis/grayscale_images/Chaetodon_humeralis/Chaetodon_humeralis_FishBase_Chhum_u3.png,3
Chaetodon interruptus,Chaetodon_interruptus,Chaetodon_interruptus_FishBase_Chuni_u2.png,segmented,segmented,/Users/michaelalfaro/Dropbox/git/downloading-fish-images-2026/analysis/approach_1_gmm/segmented/Chaetodon_interruptus/Chaetodon_interruptus_FishBase_Chuni_u2.png,/Users/michaelalfaro/Dropbox/git/downloading-fish-images-2026/pilot_analysis/grayscale_images/Chaetodon_interruptus/Chaetodon_interruptus_FishBase_Chuni_u2.png,3
Chaetodon kleinii,Chaetodon_kleinii,Chaetodon_kleinii_Bishop_308997156.png,segmented,segmented,/Users/michaelalfaro/Dropbox/git/downloading-fish-images-2026/analysis/approach_1_gmm/segmented/Chaetodon_kleinii/Chaetodon_kleinii_Bishop_308997156.png,/Users/michaelalfaro/Dropbox/git/downloading-fish-images-2026/pilot_analysis/grayscale_images/Chaetodon_kleinii/Chaetodon_kleinii_Bishop_308997156.png,4
Chaetodon larvatus,Chaetodon_larvatus,Chaetodon_larvatus_FishBase_Chlar_u2.png,segmented,segmented,/Users/michaelalfaro/Dropbox/git/downloading-fish-images-2026/analysis/approach_1_gmm/segmented/Chaetodon_larvatus/Chaetodon_larvatus_FishBase_Chlar_u2.png,/Users/michaelalfaro/Dropbox/git/downloading-fish-images-2026/pilot_analysis/grayscale_images/Chaetodon_larvatus/Chaetodon_larvatus_FishBase_Chlar_u2.png,4
Chaetodon leucopleura,Chaetodon_leucopleura,Chaetodon_leucopleura_FishBase_Chleu_u5.png,segmented,segmented,/Users/michaelalfaro/Dropbox/git/downloading-fish-images-2026/analysis/approach_1_gmm/segmented/Chaetodon_leucopleura/Chaetodon_leucopleura_FishBase_Chleu_u5.png,/Users/michaelalfaro/Dropbox/git/downloading-fish-images-2026/pilot_analysis/grayscale_images/Chaetodon_leucopleura/Chaetodon_leucopleura_FishBase_Chleu_u5.png,4
Chaetodon lineolatus,Chaetodon_lineolatus,Chaetodon_lineolatus_Bishop_1526268337.png,segmented,segmented,/Users/michaelalfaro/Dropbox/git/downloading-fish-images-2026/analysis/approach_1_gmm/segmented/Chaetodon_lineolatus/Chaetodon_lineolatus_Bishop_1526268337.png,/Users/michaelalfaro/Dropbox/git/downloading-fish-images-2026/pilot_analysis/grayscale_images/Chaetodon_lineolatus/Chaetodon_lineolatus_Bishop_1526268337.png,4
Chaetodon litus,Chaetodon_litus,Chaetodon_litus_Bishop_1983788749.png,segmented,segmented,/Users/michaelalfaro/Dropbox/git/downloading-fish-images-2026/analysis/approach_1_gmm/segmented/Chaetodon_litus/Chaetodon_litus_Bishop_1983788749.png,/Users/michaelalfaro/Dropbox/git/downloading-fish-images-2026/pilot_analysis/grayscale_images/Chaetodon_litus/Chaetodon_litus_Bishop_1983788749.png,2
Chaetodon lunula,Chaetodon_lunula,Chaetodon_lunula_Bishop_2036473160.png,segmented,segmented,/Users/michaelalfaro/Dropbox/git/downloading-fish-images-2026/analysis/approach_1_gmm/segmented/Chaetodon_lunula/Chaetodon_lunula_Bishop_2036473160.png,/Users/michaelalfaro/Dropbox/git/downloading-fish-images-2026/pilot_analysis/grayscale_images/Chaetodon_lunula/Chaetodon_lunula_Bishop_2036473160.png,4
Chaetodon lunulatus,Chaetodon_lunulatus,Chaetodon_lunulatus_Bishop_1113667583.png,segmented,segmented,/Users/michaelalfaro/Dropbox/git/downloading-fish-images-2026/analysis/approach_1_gmm/segmented/Chaetodon_lunulatus/Chaetodon_lunulatus_Bishop_1113667583.png,/Users/michaelalfaro/Dropbox/git/downloading-fish-images-2026/pilot_analysis/grayscale_images/Chaetodon_lunulatus/Chaetodon_lunulatus_Bishop_1113667583.png,3
Chaetodon madagaskariensis,Chaetodon_madagaskariensis,Chaetodon_madagaskariensis_Bishop_1210446292.png,segmented,segmented,/Users/michaelalfaro/Dropbox/git/downloading-fish-images-2026/analysis/approach_1_gmm/segmented/Chaetodon_madagaskariensis/Chaetodon_madagaskariensis_Bishop_1210446292.png,/Users/michaelalfaro/Dropbox/git/downloading-fish-images-2026/pilot_analysis/grayscale_images/Chaetodon_madagaskariensis/Chaetodon_madagaskariensis_Bishop_1210446292.png,4
Chaetodon marleyi,Chaetodon_marleyi,Chaetodon_marleyi_Bishop_384825925.png,segmented,segmented,/Users/michaelalfaro/Dropbox/git/downloading-fish-images-2026/analysis/approach_1_gmm/segmented/Chaetodon_marleyi/Chaetodon_marleyi_Bishop_384825925.png,/Users/michaelalfaro/Dropbox/git/downloading-fish-images-2026/pilot_analysis/grayscale_images/Chaetodon_marleyi/Chaetodon_marleyi_Bishop_384825925.png,3
Chaetodon melannotus,Chaetodon_melannotus,Chaetodon_melannotus_Bishop_-1381464288.png,segmented,segmented,/Users/michaelalfaro/Dropbox/git/downloading-fish-images-2026/analysis/approach_1_gmm/segmented/Chaetodon_melannotus/Chaetodon_melannotus_Bishop_-1381464288.png,/Users/michaelalfaro/Dropbox/git/downloading-fish-images-2026/pilot_analysis/grayscale_images/Chaetodon_melannotus/Chaetodon_melannotus_Bishop_-1381464288.png,4
Chaetodon melapterus,Chaetodon_melapterus,Chaetodon_melapterus_Bishop_-738901426.png,segmented,segmented,/Users/michaelalfaro/Dropbox/git/downloading-fish-images-2026/analysis/approach_1_gmm/segmented/Chaetodon_melapterus/Chaetodon_melapterus_Bishop_-738901426.png,/Users/michaelalfaro/Dropbox/git/downloading-fish-images-2026/pilot_analysis/grayscale_images/Chaetodon_melapterus/Chaetodon_melapterus_Bishop_-738901426.png,3
Chaetodon mertensii,Chaetodon_mertensii,Chaetodon_mertensii_Bishop_-727881428.png,segmented,segmented,/Users/michaelalfaro/Dropbox/git/downloading-fish-images-2026/analysis/approach_1_gmm/segmented/Chaetodon_mertensii/Chaetodon_mertensii_Bishop_-727881428.png,/Users/michaelalfaro/Dropbox/git/downloading-fish-images-2026/pilot_analysis/grayscale_images/Chaetodon_mertensii/Chaetodon_mertensii_Bishop_-727881428.png,4
Chaetodon mesoleucos,Chaetodon_mesoleucos,Chaetodon_mesoleucos_Bishop_-899095560.png,segmented,segmented,/Users/michaelalfaro/Dropbox/git/downloading-fish-images-2026/analysis/approach_1_gmm/segmented/Chaetodon_mesoleucos/Chaetodon_mesoleucos_Bishop_-899095560.png,/Users/michaelalfaro/Dropbox/git/downloading-fish-images-2026/pilot_analysis/grayscale_images/Chaetodon_mesoleucos/Chaetodon_mesoleucos_Bishop_-899095560.png,4
Chaetodon meyeri,Chaetodon_meyeri,Chaetodon_meyeri_Bishop_-146742631.png,segmented,segmented,/Users/michaelalfaro/Dropbox/git/downloading-fish-images-2026/analysis/approach_1_gmm/segmented/Chaetodon_meyeri/Chaetodon_meyeri_Bishop_-146742631.png,/Users/michaelalfaro/Dropbox/git/downloading-fish-images-2026/pilot_analysis/grayscale_images/Chaetodon_meyeri/Chaetodon_meyeri_Bishop_-146742631.png,3
Chaetodon miliaris,Chaetodon_miliaris,Chaetodon_miliaris_Bishop_725437158.png,segmented,segmented,/Users/michaelalfaro/Dropbox/git/downloading-fish-images-2026/analysis/approach_1_gmm/segmented/Chaetodon_miliaris/Chaetodon_miliaris_Bishop_725437158.png,/Users/michaelalfaro/Dropbox/git/downloading-fish-images-2026/pilot_analysis/grayscale_images/Chaetodon_miliaris/Chaetodon_miliaris_Bishop_725437158.png,4
Chaetodon mitratus,Chaetodon_mitratus,Chaetodon_mitratus_Bishop_-777256060.png,segmented,segmented,/Users/michaelalfaro/Dropbox/git/downloading-fish-images-2026/analysis/approach_1_gmm/segmented/Chaetodon_mitratus/Chaetodon_mitratus_Bishop_-777256060.png,/Users/michaelalfaro/Dropbox/git/downloading-fish-images-2026/pilot_analysis/grayscale_images/Chaetodon_mitratus/Chaetodon_mitratus_Bishop_-777256060.png,2
Chaetodon modestus,Chaetodon_modestus,Chaetodon_modestus_Bishop_316109402.png,segmented,segmented,/Users/michaelalfaro/Dropbox/git/downloading-fish-images-2026/analysis/approach_1_gmm/segmented/Chaetodon_modestus/Chaetodon_modestus_Bishop_316109402.png,/Users/michaelalfaro/Dropbox/git/downloading-fish-images-2026/pilot_analysis/grayscale_images/Chaetodon_modestus/Chaetodon_modestus_Bishop_316109402.png,3
Chaetodon multicinctus,Chaetodon_multicinctus,Chaetodon_multicinctus_Bishop_-1145166510.png,segmented,segmented,/Users/michaelalfaro/Dropbox/git/downloading-fish-images-2026/analysis/approach_1_gmm/segmented/Chaetodon_multicinctus/Chaetodon_multicinctus_Bishop_-1145166510.png,/Users/michaelalfaro/Dropbox/git/downloading-fish-images-2026/pilot_analysis/grayscale_images/Chaetodon_multicinctus/Chaetodon_multicinctus_Bishop_-1145166510.png,4
Chaetodon nigropunctatus,Chaetodon_nigropunctatus,Chaetodon_nigropunctatus_Bishop_276052843.png,segmented,segmented,/Users/michaelalfaro/Dropbox/git/downloading-fish-images-2026/analysis/approach_1_gmm/segmented/Chaetodon_nigropunctatus/Chaetodon_nigropunctatus_Bishop_276052843.png,/Users/michaelalfaro/Dropbox/git/downloading-fish-images-2026/pilot_analysis/grayscale_images/Chaetodon_nigropunctatus/Chaetodon_nigropunctatus_Bishop_276052843.png,3
Chaetodon nippon,Chaetodon_nippon,Chaetodon_nippon_Bishop_-751379567.png,segmented,segmented,/Users/michaelalfaro/Dropbox/git/downloading-fish-images-2026/analysis/approach_1_gmm/segmented/Chaetodon_nippon/Chaetodon_nippon_Bishop_-751379567.png,/Users/michaelalfaro/Dropbox/git/downloading-fish-images-2026/pilot_analysis/grayscale_images/Chaetodon_nippon/Chaetodon_nippon_Bishop_-751379567.png,4
Chaetodon ocellatus,Chaetodon_ocellatus,Chaetodon_ocellatus_FishBase_Choce_ub.png,segmented,oriented,/Users/michaelalfaro/Dropbox/git/downloading-fish-images-2026/analysis/approach_1_gmm/oriented/Chaetodon_ocellatus/Chaetodon_ocellatus_FishBase_Choce_ub.png,/Users/michaelalfaro/Dropbox/git/downloading-fish-images-2026/pilot_analysis/grayscale_images/Chaetodon_ocellatus/Chaetodon_ocellatus_FishBase_Choce_ub.png,3
Chaetodon ocellicaudus,Chaetodon_ocellicaudus,Chaetodon_ocellicaudus_Bishop_958979710.png,segmented,segmented,/Users/michaelalfaro/Dropbox/git/downloading-fish-images-2026/analysis/approach_1_gmm/segmented/Chaetodon_ocellicaudus/Chaetodon_ocellicaudus_Bishop_958979710.png,/Users/michaelalfaro/Dropbox/git/downloading-fish-images-2026/pilot_analysis/grayscale_images/Chaetodon_ocellicaudus/Chaetodon_ocellicaudus_Bishop_958979710.png,4
Chaetodon octofasciatus,Chaetodon_octofasciatus,Chaetodon_octofasciatus_Bishop_1838436391.png,segmented,segmented,/Users/michaelalfaro/Dropbox/git/downloading-fish-images-2026/analysis/approach_1_gmm/segmented/Chaetodon_octofasciatus/Chaetodon_octofasciatus_Bishop_1838436391.png,/Users/michaelalfaro/Dropbox/git/downloading-fish-images-2026/pilot_analysis/grayscale_images/Chaetodon_octofasciatus/Chaetodon_octofasciatus_Bishop_1838436391.png,3
Chaetodon ornatissimus,Chaetodon_ornatissimus,Chaetodon_ornatissimus_Bishop_164962524.png,segmented,segmented,/Users/michaelalfaro/Dropbox/git/downloading-fish-images-2026/analysis/approach_1_gmm/segmented/Chaetodon_ornatissimus/Chaetodon_ornatissimus_Bishop_164962524.png,/Users/michaelalfaro/Dropbox/git/downloading-fish-images-2026/pilot_analysis/grayscale_images/Chaetodon_ornatissimus/Chaetodon_ornatissimus_Bishop_164962524.png,4
Chaetodon oxycephalus,Chaetodon_oxycephalus,Chaetodon_oxycephalus_FishBase_Choxy_ua.png,segmented,segmented,/Users/michaelalfaro/Dropbox/git/downloading-fish-images-2026/analysis/approach_1_gmm/segmented/Chaetodon_oxycephalus/Chaetodon_oxycephalus_FishBase_Choxy_ua.png,/Users/michaelalfaro/Dropbox/git/downloading-fish-images-2026/pilot_analysis/grayscale_images/Chaetodon_oxycephalus/Chaetodon_oxycephalus_FishBase_Choxy_ua.png,4
Chaetodon paucifasciatus,Chaetodon_paucifasciatus,Chaetodon_paucifasciatus_Bishop_-1576082838.png,segmented,segmented,/Users/michaelalfaro/Dropbox/git/downloading-fish-images-2026/analysis/approach_1_gmm/segmented/Chaetodon_paucifasciatus/Chaetodon_paucifasciatus_Bishop_-1576082838.png,/Users/michaelalfaro/Dropbox/git/downloading-fish-images-2026/pilot_analysis/grayscale_images/Chaetodon_paucifasciatus/Chaetodon_paucifasciatus_Bishop_-1576082838.png,4
Chaetodon pelewensis,Chaetodon_pelewensis,Chaetodon_pelewensis_Bishop_-460781405.png,segmented,segmented,/Users/michaelalfaro/Dropbox/git/downloading-fish-images-2026/analysis/approach_1_gmm/segmented/Chaetodon_pelewensis/Chaetodon_pelewensis_Bishop_-460781405.png,/Users/michaelalfaro/Dropbox/git/downloading-fish-images-2026/pilot_analysis/grayscale_images/Chaetodon_pelewensis/Chaetodon_pelewensis_Bishop_-460781405.png,3
Chaetodon pictus,Chaetodon_pictus,Chaetodon_pictus_FishBase_Chvag_u0.png,segmented,segmented,/Users/michaelalfaro/Dropbox/git/downloading-fish-images-2026/analysis/approach_1_gmm/segmented/Chaetodon_pictus/Chaetodon_pictus_FishBase_Chvag_u0.png,/Users/michaelalfaro/Dropbox/git/downloading-fish-images-2026/pilot_analysis/grayscale_images/Chaetodon_pictus/Chaetodon_pictus_FishBase_Chvag_u0.png,4
Chaetodon plebeius,Chaetodon_plebeius,Chaetodon_plebeius_Bishop_-243381367.png,segmented,segmented,/Users/michaelalfaro/Dropbox/git/downloading-fish-images-2026/analysis/approach_1_gmm/segmented/Chaetodon_plebeius/Chaetodon_plebeius_Bishop_-243381367.png,/Users/michaelalfaro/Dropbox/git/downloading-fish-images-2026/pilot_analysis/grayscale_images/Chaetodon_plebeius/Chaetodon_plebeius_Bishop_-243381367.png,3
Chaetodon punctatofasciatus,Chaetodon_punctatofasciatus,Chaetodon_punctatofasciatus_Bishop_1458053428.png,segmented,segmented,/Users/michaelalfaro/Dropbox/git/downloading-fish-images-2026/analysis/approach_1_gmm/segmented/Chaetodon_punctatofasciatus/Chaetodon_punctatofasciatus_Bishop_1458053428.png,/Users/michaelalfaro/Dropbox/git/downloading-fish-images-2026/pilot_analysis/grayscale_images/Chaetodon_punctatofasciatus/Chaetodon_punctatofasciatus_Bishop_1458053428.png,4
Chaetodon quadrimaculatus,Chaetodon_quadrimaculatus,Chaetodon_quadrimaculatus_FishBase_Chqua_j0.png,segmented,segmented,/Users/michaelalfaro/Dropbox/git/downloading-fish-images-2026/analysis/approach_1_gmm/segmented/Chaetodon_quadrimaculatus/Chaetodon_quadrimaculatus_FishBase_Chqua_j0.png,/Users/michaelalfaro/Dropbox/git/downloading-fish-images-2026/pilot_analysis/grayscale_images/Chaetodon_quadrimaculatus/Chaetodon_quadrimaculatus_FishBase_Chqua_j0.png,3
Chaetodon rafflesii,Chaetodon_rafflesii,Chaetodon_rafflesii_Bishop_-779601278.png,segmented,segmented,/Users/michaelalfaro/Dropbox/git/downloading-fish-images-2026/analysis/approach_1_gmm/segmented/Chaetodon_rafflesii/Chaetodon_rafflesii_Bishop_-779601278.png,/Users/michaelalfaro/Dropbox/git/downloading-fish-images-2026/pilot_analysis/grayscale_images/Chaetodon_rafflesii/Chaetodon_rafflesii_Bishop_-779601278.png,3
Chaetodon rainfordi,Chaetodon_rainfordi,Chaetodon_rainfordi_Bishop_-805104421.png,segmented,segmented,/Users/michaelalfaro/Dropbox/git/downloading-fish-images-2026/analysis/approach_1_gmm/segmented/Chaetodon_rainfordi/Chaetodon_rainfordi_Bishop_-805104421.png,/Users/michaelalfaro/Dropbox/git/downloading-fish-images-2026/pilot_analysis/grayscale_images/Chaetodon_rainfordi/Chaetodon_rainfordi_Bishop_-805104421.png,3
Chaetodon reticulatus,Chaetodon_reticulatus,Chaetodon_reticulatus_Bishop_-2063111040.png,segmented,segmented,/Users/michaelalfaro/Dropbox/git/downloading-fish-images-2026/analysis/approach_1_gmm/segmented/Chaetodon_reticulatus/Chaetodon_reticulatus_Bishop_-2063111040.png,/Users/michaelalfaro/Dropbox/git/downloading-fish-images-2026/pilot_analysis/grayscale_images/Chaetodon_reticulatus/Chaetodon_reticulatus_Bishop_-2063111040.png,4
Chaetodon robustus,Chaetodon_robustus,Chaetodon_robustus_FishBase_Chrob_u6.png,segmented,oriented,/Users/michaelalfaro/Dropbox/git/downloading-fish-images-2026/analysis/approach_1_gmm/oriented/Chaetodon_robustus/Chaetodon_robustus_FishBase_Chrob_u6.png,/Users/michaelalfaro/Dropbox/git/downloading-fish-images-2026/pilot_analysis/grayscale_images/Chaetodon_robustus/Chaetodon_robustus_FishBase_Chrob_u6.png,4
Chaetodon sanctaehelenae,Chaetodon_sanctaehelenae,Chaetodon_sanctaehelenae_FishBase_Chsan_u2.png,segmented,oriented,/Users/michaelalfaro/Dropbox/git/downloading-fish-images-2026/analysis/approach_1_gmm/oriented/Chaetodon_sanctaehelenae/Chaetodon_sanctaehelenae_FishBase_Chsan_u2.png,/Users/michaelalfaro/Dropbox/git/downloading-fish-images-2026/pilot_analysis/grayscale_images/Chaetodon_sanctaehelenae/Chaetodon_sanctaehelenae_FishBase_Chsan_u2.png,3
Chaetodon sedentarius,Chaetodon_sedentarius,Chaetodon_sedentarius_FishBase_Chsed_u1.png,segmented,segmented,/Users/michaelalfaro/Dropbox/git/downloading-fish-images-2026/analysis/approach_1_gmm/segmented/Chaetodon_sedentarius/Chaetodon_sedentarius_FishBase_Chsed_u1.png,/Users/michaelalfaro/Dropbox/git/downloading-fish-images-2026/pilot_analysis/grayscale_images/Chaetodon_sedentarius/Chaetodon_sedentarius_FishBase_Chsed_u1.png,4
Chaetodon selene,Chaetodon_selene,Chaetodon_selene_Bishop_-1379331455.png,segmented,segmented,/Users/michaelalfaro/Dropbox/git/downloading-fish-images-2026/analysis/approach_1_gmm/segmented/Chaetodon_selene/Chaetodon_selene_Bishop_-1379331455.png,/Users/michaelalfaro/Dropbox/git/downloading-fish-images-2026/pilot_analysis/grayscale_images/Chaetodon_selene/Chaetodon_selene_Bishop_-1379331455.png,4
Chaetodon semeion,Chaetodon_semeion,Chaetodon_semeion_Bishop_-1205919593.png,segmented,segmented,/Users/michaelalfaro/Dropbox/git/downloading-fish-images-2026/analysis/approach_1_gmm/segmented/Chaetodon_semeion/Chaetodon_semeion_Bishop_-1205919593.png,/Users/michaelalfaro/Dropbox/git/downloading-fish-images-2026/pilot_analysis/grayscale_images/Chaetodon_semeion/Chaetodon_semeion_Bishop_-1205919593.png,4
Chaetodon semilarvatus,Chaetodon_semilarvatus,Chaetodon_semilarvatus_Bishop_-947886964.png,segmented,segmented,/Users/michaelalfaro/Dropbox/git/downloading-fish-images-2026/analysis/approach_1_gmm/segmented/Chaetodon_semilarvatus/Chaetodon_semilarvatus_Bishop_-947886964.png,/Users/michaelalfaro/Dropbox/git/downloading-fish-images-2026/pilot_analysis/grayscale_images/Chaetodon_semilarvatus/Chaetodon_semilarvatus_Bishop_-947886964.png,3
Chaetodon smithi,Chaetodon_smithi,Chaetodon_smithi_Bishop_-1166721005.png,segmented,segmented,/Users/michaelalfaro/Dropbox/git/downloading-fish-images-2026/analysis/approach_1_gmm/segmented/Chaetodon_smithi/Chaetodon_smithi_Bishop_-1166721005.png,/Users/michaelalfaro/Dropbox/git/downloading-fish-images-2026/pilot_analysis/grayscale_images/Chaetodon_smithi/Chaetodon_smithi_Bishop_-1166721005.png,2
Chaetodon speculum,Chaetodon_speculum,Chaetodon_speculum_Bishop_65885528.png,segmented,segmented,/Users/michaelalfaro/Dropbox/git/downloading-fish-images-2026/analysis/approach_1_gmm/segmented/Chaetodon_speculum/Chaetodon_speculum_Bishop_65885528.png,/Users/michaelalfaro/Dropbox/git/downloading-fish-images-2026/pilot_analysis/grayscale_images/Chaetodon_speculum/Chaetodon_speculum_Bishop_65885528.png,3
Chaetodon striatus,Chaetodon_striatus,Chaetodon_striatus_FishBase_Chstr_ua.png,segmented,oriented,/Users/michaelalfaro/Dropbox/git/downloading-fish-images-2026/analysis/approach_1_gmm/oriented/Chaetodon_striatus/Chaetodon_striatus_FishBase_Chstr_ua.png,/Users/michaelalfaro/Dropbox/git/downloading-fish-images-2026/pilot_analysis/grayscale_images/Chaetodon_striatus/Chaetodon_striatus_FishBase_Chstr_ua.png,2
Chaetodon tinkeri,Chaetodon_tinkeri,Chaetodon_tinkeri_Bishop_-1989865351.png,segmented,segmented,/Users/michaelalfaro/Dropbox/git/downloading-fish-images-2026/analysis/approach_1_gmm/segmented/Chaetodon_tinkeri/Chaetodon_tinkeri_Bishop_-1989865351.png,/Users/michaelalfaro/Dropbox/git/downloading-fish-images-2026/pilot_analysis/grayscale_images/Chaetodon_tinkeri/Chaetodon_tinkeri_Bishop_-1989865351.png,3
Chaetodon triangulum,Chaetodon_triangulum,Chaetodon_triangulum_FishBase_Chtri_ub.png,segmented,oriented,/Users/michaelalfaro/Dropbox/git/downloading-fish-images-2026/analysis/approach_1_gmm/oriented/Chaetodon_triangulum/Chaetodon_triangulum_FishBase_Chtri_ub.png,/Users/michaelalfaro/Dropbox/git/downloading-fish-images-2026/pilot_analysis/grayscale_images/Chaetodon_triangulum/Chaetodon_triangulum_FishBase_Chtri_ub.png,4
Chaetodon trichrous,Chaetodon_trichrous,Chaetodon_trichrous_FishBase_Chtri_ud.png,FishBase,segmented,/Users/michaelalfaro/Dropbox/git/downloading-fish-images-2026/analysis/approach_1_gmm/segmented/Chaetodon_trichrous/Chaetodon_trichrous_FishBase_Chtri_ud.png,/Users/michaelalfaro/Dropbox/git/downloading-fish-images-2026/pilot_analysis/grayscale_images/Chaetodon_trichrous/Chaetodon_trichrous_FishBase_Chtri_ud.png,4
Chaetodon tricinctus,Chaetodon_tricinctus,Chaetodon_tricinctus_Bishop_28770837.png,segmented,segmented,/Users/michaelalfaro/Dropbox/git/downloading-fish-images-2026/analysis/approach_1_gmm/segmented/Chaetodon_tricinctus/Chaetodon_tricinctus_Bishop_28770837.png,/Users/michaelalfaro/Dropbox/git/downloading-fish-images-2026/pilot_analysis/grayscale_images/Chaetodon_tricinctus/Chaetodon_tricinctus_Bishop_28770837.png,3
Chaetodon trifascialis,Chaetodon_trifascialis,Chaetodon_trifascialis_Bishop_-1790297166.png,segmented,segmented,/Users/michaelalfaro/Dropbox/git/downloading-fish-images-2026/analysis/approach_1_gmm/segmented/Chaetodon_trifascialis/Chaetodon_trifascialis_Bishop_-1790297166.png,/Users/michaelalfaro/Dropbox/git/downloading-fish-images-2026/pilot_analysis/grayscale_images/Chaetodon_trifascialis/Chaetodon_trifascialis_Bishop_-1790297166.png,4
Chaetodon trifasciatus,Chaetodon_trifasciatus,Chaetodon_trifasciatus_Bishop_-781709008.png,segmented,segmented,/Users/michaelalfaro/Dropbox/git/downloading-fish-images-2026/analysis/approach_1_gmm/segmented/Chaetodon_trifasciatus/Chaetodon_trifasciatus_Bishop_-781709008.png,/Users/michaelalfaro/Dropbox/git/downloading-fish-images-2026/pilot_analysis/grayscale_images/Chaetodon_trifasciatus/Chaetodon_trifasciatus_Bishop_-781709008.png,4
Chaetodon ulietensis,Chaetodon_ulietensis,Chaetodon_ulietensis_Bishop_-1430510223.png,segmented,segmented,/Users/michaelalfaro/Dropbox/git/downloading-fish-images-2026/analysis/approach_1_gmm/segmented/Chaetodon_ulietensis/Chaetodon_ulietensis_Bishop_-1430510223.png,/Users/michaelalfaro/Dropbox/git/downloading-fish-images-2026/pilot_analysis/grayscale_images/Chaetodon_ulietensis/Chaetodon_ulietensis_Bishop_-1430510223.png,4
Chaetodon unimaculatus,Chaetodon_unimaculatus,Chaetodon_unimaculatus_Bishop_-2035665860.png,segmented,segmented,/Users/michaelalfaro/Dropbox/git/downloading-fish-images-2026/analysis/approach_1_gmm/segmented/Chaetodon_unimaculatus/Chaetodon_unimaculatus_Bishop_-2035665860.png,/Users/michaelalfaro/Dropbox/git/downloading-fish-images-2026/pilot_analysis/grayscale_images/Chaetodon_unimaculatus/Chaetodon_unimaculatus_Bishop_-2035665860.png,3
Chaetodon vagabundus,Chaetodon_vagabundus,Chaetodon_vagabundus_Bishop_-2087127384.png,segmented,segmented,/Users/michaelalfaro/Dropbox/git/downloading-fish-images-2026/analysis/approach_1_gmm/segmented/Chaetodon_vagabundus/Chaetodon_vagabundus_Bishop_-2087127384.png,/Users/michaelalfaro/Dropbox/git/downloading-fish-images-2026/pilot_analysis/grayscale_images/Chaetodon_vagabundus/Chaetodon_vagabundus_Bishop_-2087127384.png,4
Chaetodon wiebeli,Chaetodon_wiebeli,Chaetodon_wiebeli_Bishop_532247427.png,segmented,segmented,/Users/michaelalfaro/Dropbox/git/downloading-fish-images-2026/analysis/approach_1_gmm/segmented/Chaetodon_wiebeli/Chaetodon_wiebeli_Bishop_532247427.png,/Users/michaelalfaro/Dropbox/git/downloading-fish-images-2026/pilot_analysis/grayscale_images/Chaetodon_wiebeli/Chaetodon_wiebeli_Bishop_532247427.png,4
Chaetodon xanthocephalus,Chaetodon_xanthocephalus,Chaetodon_xanthocephalus_Bishop_-1021247480.png,segmented,segmented,/Users/michaelalfaro/Dropbox/git/downloading-fish-images-2026/analysis/approach_1_gmm/segmented/Chaetodon_xanthocephalus/Chaetodon_xanthocephalus_Bishop_-1021247480.png,/Users/michaelalfaro/Dropbox/git/downloading-fish-images-2026/pilot_analysis/grayscale_images/Chaetodon_xanthocephalus/Chaetodon_xanthocephalus_Bishop_-1021247480.png,4
Chaetodon xanthurus,Chaetodon_xanthurus,Chaetodon_xanthurus_Bishop_-858508951.png,segmented,segmented,/Users/michaelalfaro/Dropbox/git/downloading-fish-images-2026/analysis/approach_1_gmm/segmented/Chaetodon_xanthurus/Chaetodon_xanthurus_Bishop_-858508951.png,/Users/michaelalfaro/Dropbox/git/downloading-fish-images-2026/pilot_analysis/grayscale_images/Chaetodon_xanthurus/Chaetodon_xanthurus_Bishop_-858508951.png,4
Chaetodon zanzibarensis,Chaetodon_zanzibarensis,Chaetodon_zanzibarensis_FishBase_Chzan_u0.png,segmented,segmented,/Users/michaelalfaro/Dropbox/git/downloading-fish-images-2026/analysis/approach_1_gmm/segmented/Chaetodon_zanzibarensis/Chaetodon_zanzibarensis_FishBase_Chzan_u0.png,/Users/michaelalfaro/Dropbox/git/downloading-fish-images-2026/pilot_analysis/grayscale_images/Chaetodon_zanzibarensis/Chaetodon_zanzibarensis_FishBase_Chzan_u0.png,3
Chaetodon zanzibariensis,Chaetodon_zanzibariensis,Chaetodon_zanzibariensis_Bishop_-1292827274.png,segmented,segmented,/Users/michaelalfaro/Dropbox/git/downloading-fish-images-2026/analysis/approach_1_gmm/segmented/Chaetodon_zanzibariensis/Chaetodon_zanzibariensis_Bishop_-1292827274.png,/Users/michaelalfaro/Dropbox/git/downloading-fish-images-2026/pilot_analysis/grayscale_images/Chaetodon_zanzibariensis/Chaetodon_zanzibariensis_Bishop_-1292827274.png,3
Chelmon marginalis,Chelmon_marginalis,Chelmon_marginalis_FishBase_Chmar_u5.png,FishBase,segmented,/Users/michaelalfaro/Dropbox/git/downloading-fish-images-2026/analysis/approach_1_gmm/segmented/Chelmon_marginalis/Chelmon_marginalis_FishBase_Chmar_u5.png,/Users/michaelalfaro/Dropbox/git/downloading-fish-images-2026/pilot_analysis/grayscale_images/Chelmon_marginalis/Chelmon_marginalis_FishBase_Chmar_u5.png,3
Chelmon muelleri,Chelmon_muelleri,Chelmon_muelleri_FishBase_Chmue_u1.png,FishBase,segmented,/Users/michaelalfaro/Dropbox/git/downloading-fish-images-2026/analysis/approach_1_gmm/segmented/Chelmon_muelleri/Chelmon_muelleri_FishBase_Chmue_u1.png,/Users/michaelalfaro/Dropbox/git/downloading-fish-images-2026/pilot_analysis/grayscale_images/Chelmon_muelleri/Chelmon_muelleri_FishBase_Chmue_u1.png,3
Chelmon rostratus,Chelmon_rostratus,Chelmon_rostratus_FishBase_Chros_u5.png,FishBase,segmented,/Users/michaelalfaro/Dropbox/git/downloading-fish-images-2026/analysis/approach_1_gmm/segmented/Chelmon_rostratus/Chelmon_rostratus_FishBase_Chros_u5.png,/Users/michaelalfaro/Dropbox/git/downloading-fish-images-2026/pilot_analysis/grayscale_images/Chelmon_rostratus/Chelmon_rostratus_FishBase_Chros_u5.png,3
Chelmonops curiosus,Chelmonops_curiosus,Chelmonops_curiosus_iNaturalist_23672257.png,iNat,oriented,/Users/michaelalfaro/Dropbox/git/downloading-fish-images-2026/analysis/approach_1_gmm/oriented/Chelmonops_curiosus/Chelmonops_curiosus_iNaturalist_23672257.png,/Users/michaelalfaro/Dropbox/git/downloading-fish-images-2026/pilot_analysis/grayscale_images/Chelmonops_curiosus/Chelmonops_curiosus_iNaturalist_23672257.png,3
Chelmonops truncatus,Chelmonops_truncatus,Chelmonops_truncatus_FishBase_Chtru_u1.png,FishBase,segmented,/Users/michaelalfaro/Dropbox/git/downloading-fish-images-2026/analysis/approach_1_gmm/segmented/Chelmonops_truncatus/Chelmonops_truncatus_FishBase_Chtru_u1.png,/Users/michaelalfaro/Dropbox/git/downloading-fish-images-2026/pilot_analysis/grayscale_images/Chelmonops_truncatus/Chelmonops_truncatus_FishBase_Chtru_u1.png,3
Coradion altivelis,Coradion_altivelis,Coradion_altivelis_FishBase_Coalt_u0.png,FishBase,segmented,/Users/michaelalfaro/Dropbox/git/downloading-fish-images-2026/analysis/approach_1_gmm/segmented/Coradion_altivelis/Coradion_altivelis_FishBase_Coalt_u0.png,/Users/michaelalfaro/Dropbox/git/downloading-fish-images-2026/pilot_analysis/grayscale_images/Coradion_altivelis/Coradion_altivelis_FishBase_Coalt_u0.png,3
Coradion chrysozonus,Coradion_chrysozonus,Coradion_chrysozonus_FishBase_Cochr_u3.png,FishBase,segmented,/Users/michaelalfaro/Dropbox/git/downloading-fish-images-2026/analysis/approach_1_gmm/segmented/Coradion_chrysozonus/Coradion_chrysozonus_FishBase_Cochr_u3.png,/Users/michaelalfaro/Dropbox/git/downloading-fish-images-2026/pilot_analysis/grayscale_images/Coradion_chrysozonus/Coradion_chrysozonus_FishBase_Cochr_u3.png,3
Coradion melanopus,Coradion_melanopus,Coradion_melanopus_FishBase_Comel_u0.png,FishBase,segmented,/Users/michaelalfaro/Dropbox/git/downloading-fish-images-2026/analysis/approach_1_gmm/segmented/Coradion_melanopus/Coradion_melanopus_FishBase_Comel_u0.png,/Users/michaelalfaro/Dropbox/git/downloading-fish-images-2026/pilot_analysis/grayscale_images/Coradion_melanopus/Coradion_melanopus_FishBase_Comel_u0.png,3
Forcipiger flavissimus,Forcipiger_flavissimus,Forcipiger_flavissimus_FishBase_Fofla_u3.png,FishBase,segmented,/Users/michaelalfaro/Dropbox/git/downloading-fish-images-2026/analysis/approach_1_gmm/segmented/Forcipiger_flavissimus/Forcipiger_flavissimus_FishBase_Fofla_u3.png,/Users/michaelalfaro/Dropbox/git/downloading-fish-images-2026/pilot_analysis/grayscale_images/Forcipiger_flavissimus/Forcipiger_flavissimus_FishBase_Fofla_u3.png,3
Forcipiger longirostris,Forcipiger_longirostris,Forcipiger_longirostris_FishBase_Folon_u1.png,FishBase,segmented,/Users/michaelalfaro/Dropbox/git/downloading-fish-images-2026/analysis/approach_1_gmm/segmented/Forcipiger_longirostris/Forcipiger_longirostris_FishBase_Folon_u1.png,/Users/michaelalfaro/Dropbox/git/downloading-fish-images-2026/pilot_analysis/grayscale_images/Forcipiger_longirostris/Forcipiger_longirostris_FishBase_Folon_u1.png,3
Forcipiger wanai,Forcipiger_wanai,Forcipiger_wanai_FishBase_Fowan_u0.png,FishBase,oriented,/Users/michaelalfaro/Dropbox/git/downloading-fish-images-2026/analysis/approach_1_gmm/oriented/Forcipiger_wanai/Forcipiger_wanai_FishBase_Fowan_u0.png,/Users/michaelalfaro/Dropbox/git/downloading-fish-images-2026/pilot_analysis/grayscale_images/Forcipiger_wanai/Forcipiger_wanai_FishBase_Fowan_u0.png,3
Hemitaurichthys multispinosus,Hemitaurichthys_multispinosus,Hemitaurichthys_multispinosus_FishBase_Hemul_u0.png,FishBase,segmented,/Users/michaelalfaro/Dropbox/git/downloading-fish-images-2026/analysis/approach_1_gmm/segmented/Hemitaurichthys_multispinosus/Hemitaurichthys_multispinosus_FishBase_Hemul_u0.png,/Users/michaelalfaro/Dropbox/git/downloading-fish-images-2026/pilot_analysis/grayscale_images/Hemitaurichthys_multispinosus/Hemitaurichthys_multispinosus_FishBase_Hemul_u0.png,2
Hemitaurichthys polylepis,Hemitaurichthys_polylepis,Hemitaurichthys_polylepis_FishBase_Hepol_u2.png,FishBase,segmented,/Users/michaelalfaro/Dropbox/git/downloading-fish-images-2026/analysis/approach_1_gmm/segmented/Hemitaurichthys_polylepis/Hemitaurichthys_polylepis_FishBase_Hepol_u2.png,/Users/michaelalfaro/Dropbox/git/downloading-fish-images-2026/pilot_analysis/grayscale_images/Hemitaurichthys_polylepis/Hemitaurichthys_polylepis_FishBase_Hepol_u2.png,3
Hemitaurichthys thompsoni,Hemitaurichthys_thompsoni,Hemitaurichthys_thompsoni_FishBase_Hetho_u0.png,FishBase,oriented,/Users/michaelalfaro/Dropbox/git/downloading-fish-images-2026/analysis/approach_1_gmm/oriented/Hemitaurichthys_thompsoni/Hemitaurichthys_thompsoni_FishBase_Hetho_u0.png,/Users/michaelalfaro/Dropbox/git/downloading-fish-images-2026/pilot_analysis/grayscale_images/Hemitaurichthys_thompsoni/Hemitaurichthys_thompsoni_FishBase_Hetho_u0.png,2
Hemitaurichthys zoster,Hemitaurichthys_zoster,Hemitaurichthys_zoster_FishBase_Hezos_u3.png,FishBase,oriented,/Users/michaelalfaro/Dropbox/git/downloading-fish-images-2026/analysis/approach_1_gmm/oriented/Hemitaurichthys_zoster/Hemitaurichthys_zoster_FishBase_Hezos_u3.png,/Users/michaelalfaro/Dropbox/git/downloading-fish-images-2026/pilot_analysis/grayscale_images/Hemitaurichthys_zoster/Hemitaurichthys_zoster_FishBase_Hezos_u3.png,3
Heniochus acuminatus,Heniochus_acuminatus,Heniochus_acuminatus_FishBase_Heacu_u2.png,FishBase,segmented,/Users/michaelalfaro/Dropbox/git/downloading-fish-images-2026/analysis/approach_1_gmm/segmented/Heniochus_acuminatus/Heniochus_acuminatus_FishBase_Heacu_u2.png,/Users/michaelalfaro/Dropbox/git/downloading-fish-images-2026/pilot_analysis/grayscale_images/Heniochus_acuminatus/Heniochus_acuminatus_FishBase_Heacu_u2.png,3
Heniochus chrysostomus,Heniochus_chrysostomus,Heniochus_chrysostomus_FishBase_Hechr_u0.png,FishBase,segmented,/Users/michaelalfaro/Dropbox/git/downloading-fish-images-2026/analysis/approach_1_gmm/segmented/Heniochus_chrysostomus/Heniochus_chrysostomus_FishBase_Hechr_u0.png,/Users/michaelalfaro/Dropbox/git/downloading-fish-images-2026/pilot_analysis/grayscale_images/Heniochus_chrysostomus/Heniochus_chrysostomus_FishBase_Hechr_u0.png,3
Heniochus diphreutes,Heniochus_diphreutes,Heniochus_diphreutes_FishBase_Hedip_u5.png,FishBase,segmented,/Users/michaelalfaro/Dropbox/git/downloading-fish-images-2026/analysis/approach_1_gmm/segmented/Heniochus_diphreutes/Heniochus_diphreutes_FishBase_Hedip_u5.png,/Users/michaelalfaro/Dropbox/git/downloading-fish-images-2026/pilot_analysis/grayscale_images/Heniochus_diphreutes/Heniochus_diphreutes_FishBase_Hedip_u5.png,3
Heniochus intermedius,Heniochus_intermedius,Heniochus_intermedius_FishBase_Heint_u1.png,FishBase,segmented,/Users/michaelalfaro/Dropbox/git/downloading-fish-images-2026/analysis/approach_1_gmm/segmented/Heniochus_intermedius/Heniochus_intermedius_FishBase_Heint_u1.png,/Users/michaelalfaro/Dropbox/git/downloading-fish-images-2026/pilot_analysis/grayscale_images/Heniochus_intermedius/Heniochus_intermedius_FishBase_Heint_u1.png,3
Heniochus monoceros,Heniochus_monoceros,Heniochus_monoceros_FishBase_Hemon_u2.png,FishBase,segmented,/Users/michaelalfaro/Dropbox/git/downloading-fish-images-2026/analysis/approach_1_gmm/segmented/Heniochus_monoceros/Heniochus_monoceros_FishBase_Hemon_u2.png,/Users/michaelalfaro/Dropbox/git/downloading-fish-images-2026/pilot_analysis/grayscale_images/Heniochus_monoceros/Heniochus_monoceros_FishBase_Hemon_u2.png,3
Heniochus pleurotaenia,Heniochus_pleurotaenia,Heniochus_pleurotaenia_FishBase_Heple_u0.png,FishBase,segmented,/Users/michaelalfaro/Dropbox/git/downloading-fish-images-2026/analysis/approach_1_gmm/segmented/Heniochus_pleurotaenia/Heniochus_pleurotaenia_FishBase_Heple_u0.png,/Users/michaelalfaro/Dropbox/git/downloading-fish-images-2026/pilot_analysis/grayscale_images/Heniochus_pleurotaenia/Heniochus_pleurotaenia_FishBase_Heple_u0.png,3
Heniochus singularius,Heniochus_singularius,Heniochus_singularius_FishBase_Hesin_u1.png,FishBase,segmented,/Users/michaelalfaro/Dropbox/git/downloading-fish-images-2026/analysis/approach_1_gmm/segmented/Heniochus_singularius/Heniochus_singularius_FishBase_Hesin_u1.png,/Users/michaelalfaro/Dropbox/git/downloading-fish-images-2026/pilot_analysis/grayscale_images/Heniochus_singularius/Heniochus_singularius_FishBase_Hesin_u1.png,3
Heniochus varius,Heniochus_varius,Heniochus_varius_FishBase_Hevar_u0.png,FishBase,oriented,/Users/michaelalfaro/Dropbox/git/downloading-fish-images-2026/analysis/approach_1_gmm/oriented/Heniochus_varius/Heniochus_varius_FishBase_Hevar_u0.png,/Users/michaelalfaro/Dropbox/git/downloading-fish-images-2026/pilot_analysis/grayscale_images/Heniochus_varius/Heniochus_varius_FishBase_Hevar_u0.png,4
Johnrandallia nigrirostris,Johnrandallia_nigrirostris,Johnrandallia_nigrirostris_FishBase_Jonig_u2.png,FishBase,oriented,/Users/michaelalfaro/Dropbox/git/downloading-fish-images-2026/analysis/approach_1_gmm/oriented/Johnrandallia_nigrirostris/Johnrandallia_nigrirostris_FishBase_Jonig_u2.png,/Users/michaelalfaro/Dropbox/git/downloading-fish-images-2026/pilot_analysis/grayscale_images/Johnrandallia_nigrirostris/Johnrandallia_nigrirostris_FishBase_Jonig_u2.png,3
Parachaetodon ocellatus,Parachaetodon_ocellatus,Parachaetodon_ocellatus_FishBase_Paoce_u3.png,FishBase,segmented,/Users/michaelalfaro/Dropbox/git/downloading-fish-images-2026/analysis/approach_1_gmm/segmented/Parachaetodon_ocellatus/Parachaetodon_ocellatus_FishBase_Paoce_u3.png,/Users/michaelalfaro/Dropbox/git/downloading-fish-images-2026/pilot_analysis/grayscale_images/Parachaetodon_ocellatus/Parachaetodon_ocellatus_FishBase_Paoce_u3.png,3
Prognathodes aculeatus,Prognathodes_aculeatus,Prognathodes_aculeatus_FishBase_Pracu_u0.png,FishBase,oriented,/Users/michaelalfaro/Dropbox/git/downloading-fish-images-2026/analysis/approach_1_gmm/oriented/Prognathodes_aculeatus/Prognathodes_aculeatus_FishBase_Pracu_u0.png,/Users/michaelalfaro/Dropbox/git/downloading-fish-images-2026/pilot_analysis/grayscale_images/Prognathodes_aculeatus/Prognathodes_aculeatus_FishBase_Pracu_u0.png,3
Prognathodes aya,Prognathodes_aya,Prognathodes_aya_FishBase_Praya_u0.png,FishBase,oriented,/Users/michaelalfaro/Dropbox/git/downloading-fish-images-2026/analysis/approach_1_gmm/oriented/Prognathodes_aya/Prognathodes_aya_FishBase_Praya_u0.png,/Users/michaelalfaro/Dropbox/git/downloading-fish-images-2026/pilot_analysis/grayscale_images/Prognathodes_aya/Prognathodes_aya_FishBase_Praya_u0.png,3
Prognathodes brasiliensis,Prognathodes_brasiliensis,Prognathodes_brasiliensis_FishBase_Prbra_u1.png,FishBase,segmented,/Users/michaelalfaro/Dropbox/git/downloading-fish-images-2026/analysis/approach_1_gmm/segmented/Prognathodes_brasiliensis/Prognathodes_brasiliensis_FishBase_Prbra_u1.png,/Users/michaelalfaro/Dropbox/git/downloading-fish-images-2026/pilot_analysis/grayscale_images/Prognathodes_brasiliensis/Prognathodes_brasiliensis_FishBase_Prbra_u1.png,3
Prognathodes carlhubbsi,Prognathodes_carlhubbsi,Prognathodes_carlhubbsi_FishBase_Prcar_u2.png,FishBase,segmented,/Users/michaelalfaro/Dropbox/git/downloading-fish-images-2026/analysis/approach_1_gmm/segmented/Prognathodes_carlhubbsi/Prognathodes_carlhubbsi_FishBase_Prcar_u2.png,/Users/michaelalfaro/Dropbox/git/downloading-fish-images-2026/pilot_analysis/grayscale_images/Prognathodes_carlhubbsi/Prognathodes_carlhubbsi_FishBase_Prcar_u2.png,4
Prognathodes dichrous,Prognathodes_dichrous,Prognathodes_dichrous_FishBase_Prdic_u0.png,FishBase,oriented,/Users/michaelalfaro/Dropbox/git/downloading-fish-images-2026/analysis/approach_1_gmm/oriented/Prognathodes_dichrous/Prognathodes_dichrous_FishBase_Prdic_u0.png,/Users/michaelalfaro/Dropbox/git/downloading-fish-images-2026/pilot_analysis/grayscale_images/Prognathodes_dichrous/Prognathodes_dichrous_FishBase_Prdic_u0.png,2
Prognathodes falcifer,Prognathodes_falcifer,Prognathodes_falcifer_iNaturalist_562177068.png,iNat,oriented,/Users/michaelalfaro/Dropbox/git/downloading-fish-images-2026/analysis/approach_1_gmm/oriented/Prognathodes_falcifer/Prognathodes_falcifer_iNaturalist_562177068.png,/Users/michaelalfaro/Dropbox/git/downloading-fish-images-2026/pilot_analysis/grayscale_images/Prognathodes_falcifer/Prognathodes_falcifer_iNaturalist_562177068.png,4
Prognathodes guyanensis,Prognathodes_guyanensis,Prognathodes_guyanensis_FishBase_Prguy_u2.png,FishBase,segmented,/Users/michaelalfaro/Dropbox/git/downloading-fish-images-2026/analysis/approach_1_gmm/segmented/Prognathodes_guyanensis/Prognathodes_guyanensis_FishBase_Prguy_u2.png,/Users/michaelalfaro/Dropbox/git/downloading-fish-images-2026/pilot_analysis/grayscale_images/Prognathodes_guyanensis/Prognathodes_guyanensis_FishBase_Prguy_u2.png,3
Prognathodes marcellae,Prognathodes_marcellae,Prognathodes_marcellae_iNaturalist_273249646.png,iNat,oriented,/Users/michaelalfaro/Dropbox/git/downloading-fish-images-2026/analysis/approach_1_gmm/oriented/Prognathodes_marcellae/Prognathodes_marcellae_iNaturalist_273249646.png,/Users/michaelalfaro/Dropbox/git/downloading-fish-images-2026/pilot_analysis/grayscale_images/Prognathodes_marcellae/Prognathodes_marcellae_iNaturalist_273249646.png,3
Prognathodes obliquus,Prognathodes_obliquus,Prognathodes_obliquus_FishBase_Chobl_u1.png,FishBase,segmented,/Users/michaelalfaro/Dropbox/git/downloading-fish-images-2026/analysis/approach_1_gmm/segmented/Prognathodes_obliquus/Prognathodes_obliquus_FishBase_Chobl_u1.png,/Users/michaelalfaro/Dropbox/git/downloading-fish-images-2026/pilot_analysis/grayscale_images/Prognathodes_obliquus/Prognathodes_obliquus_FishBase_Chobl_u1.png,3
Roa australis,Roa_australis,Roa_australis_FishBase_Roaus_u0.png,FishBase,segmented,/Users/michaelalfaro/Dropbox/git/downloading-fish-images-2026/analysis/approach_1_gmm/segmented/Roa_australis/Roa_australis_FishBase_Roaus_u0.png,/Users/michaelalfaro/Dropbox/git/downloading-fish-images-2026/pilot_analysis/grayscale_images/Roa_australis/Roa_australis_FishBase_Roaus_u0.png,3
Roa excelsa,Roa_excelsa,Roa_excelsa_FishBase_Chexc_u0.png,FishBase,segmented,/Users/michaelalfaro/Dropbox/git/downloading-fish-images-2026/analysis/approach_1_gmm/segmented/Roa_excelsa/Roa_excelsa_FishBase_Chexc_u0.png,/Users/michaelalfaro/Dropbox/git/downloading-fish-images-2026/pilot_analysis/grayscale_images/Roa_excelsa/Roa_excelsa_FishBase_Chexc_u0.png,3
Roa jayakari,Roa_jayakari,Roa_jayakari_FishBase_Chjay_u0.png,FishBase,segmented,/Users/michaelalfaro/Dropbox/git/downloading-fish-images-2026/analysis/approach_1_gmm/segmented/Roa_jayakari/Roa_jayakari_FishBase_Chjay_u0.png,/Users/michaelalfaro/Dropbox/git/downloading-fish-images-2026/pilot_analysis/grayscale_images/Roa_jayakari/Roa_jayakari_FishBase_Chjay_u0.png,3
Roa modesta,Roa_modesta,Roa_modesta_FishBase_Chmod_u1.png,FishBase,segmented,/Users/michaelalfaro/Dropbox/git/downloading-fish-images-2026/analysis/approach_1_gmm/segmented/Roa_modesta/Roa_modesta_FishBase_Chmod_u1.png,/Users/michaelalfaro/Dropbox/git/downloading-fish-images-2026/pilot_analysis/grayscale_images/Roa_modesta/Roa_modesta_FishBase_Chmod_u1.png,3
