"species","gestalt_k","m","m_r","m_c","A","Sc","St","Jc","Jt","m_dS","s_dS","cv_dS","m_dL","s_dL","cv_dL"
"Amphichaetodon howensis",3,0.0896339110486891,0.112808988764045,0.0664588333333333,1.6974265587576,1.66794947795561,2.02103424685354,0.555983159318536,0.673678082284515,0,0,NA,1.20794979572855,0.416510864371256,0.344808092061512
"Amphichaetodon melbae",4,0.0838854534320548,0.101830985915493,0.0659399209486166,1.54429948429638,1.41753731840633,4.83900791029296,0.354384329601582,0.806501318382161,0,0,NA,0.947542506132152,0.491797627669487,0.519024344012802
"Chaetodon adiergastos",4,0.178486666666667,0.175,0.181973333333333,0.961679366940211,3.02553440093563,3.21071815694524,0.756383600233907,0.535119692824206,0,0,NA,0.878289434348028,0.54544795939073,0.621034408543952
"Chaetodon andamanensis",2,0.0723854767932489,0.0655696202531646,0.0792013333333333,0.827885308157664,1.83460661283821,1,0.917303306419107,1,0,NA,NA,1.18404186119805,NA,NA
"Chaetodon argentatus",2,0.0970544789272031,0.102528735632184,0.0915802222222222,1.11955106838892,1.56600432001192,1,0.783002160005959,1,0,NA,NA,1.8843971863313,NA,NA
"Chaetodon assarius",3,0.107561412665275,0.107466666666667,0.107656158663883,0.998239840622513,1.65241729702837,1.96151042173203,0.550805765676123,0.653836807244009,0,0,NA,1.03369241038323,0.580003149547585,0.561098392250508
"Chaetodon aureofasciatus",3,0.0911295610561056,0.0945544554455446,0.0877046666666667,1.0781006192625,2.59116396070677,2.24689441408703,0.863721320235589,0.748964804695676,0,0,NA,1.20344014379016,0.461272119422802,0.383294609044746
"Chaetodon auriga",3,0.0868345964912281,0.0892105263157895,0.0844586666666667,1.05626254636338,2.46928358285524,2.10087681222328,0.823094527618413,0.700292270741094,0,0,NA,1.24215049133372,0.442706556307708,0.356403317791524
"Chaetodon auripes",3,0.170323333333333,0.16625,0.174396666666667,0.953286568932892,2.51408219933168,2.57806723793841,0.838027399777226,0.859355745979471,0,0,NA,1.11343590292701,0.437616766273443,0.393032742273743
"Chaetodon austriacus",3,0.149401513361463,0.130126582278481,0.168676444444444,0.771456753828717,2.97605394797566,2.40398723716532,0.992017982658553,0.801329079055106,0,0,NA,1.02166650664819,0.401256749214387,0.392747287498737
"Chaetodon baronessa",3,0.135388888888889,0.146111111111111,0.124666666666667,1.17201426024955,2.80061430956248,2.3562372373123,0.933538103187493,0.785412412437432,0,0,NA,1.28351782720522,0.547770921914715,0.426773131081047
"Chaetodon bennetti",3,0.121042480620155,0.126511627906977,0.115573333333333,1.09464375784763,2.59003687475701,2.05772636968148,0.863345624919003,0.685908789893827,0,0,NA,0.890744936182341,0.575567931301113,0.646164696448289
"Chaetodon blackburnii",3,0.122488540540541,0.121081081081081,0.123896,0.977279985480412,2.9481522525746,2.2835362250325,0.982717417524867,0.761178741677501,0,0,NA,1.06264247876782,0.446136046660325,0.419836450710723
"Chaetodon burgessi",2,0.203952059052059,0.199871794871795,0.208032323232323,0.960772786489458,1.85261875761267,1,0.926309378806334,1,0,NA,NA,1.31599460223423,NA,NA
"Chaetodon capistratus",4,0.253346064082278,0.239620253164557,0.267071875,0.897212606773203,3.7303017533793,4.02713680823285,0.932575438344824,0.671189468038809,0,0,NA,0.869417771374107,0.447374572764795,0.514568010333771
"Chaetodon citrinellus",3,0.156322017316017,0.151298701298701,0.161345333333333,0.937732118883934,2.92146880946475,2.31603498729214,0.973822936488251,0.772011662430713,0,0,NA,0.714717099999389,0.29866193847416,0.41787434283357
"Chaetodon collare",4,0.243993818181818,0.258863636363636,0.229124,1.12979712454233,3.81310168740582,3.27346886017626,0.953275421851456,0.54557814336271,0,0,NA,0.765215296276689,0.400387535195655,0.523235143290813
"Chaetodon daedalma",3,0.22590953815261,0.240602409638554,0.211216666666667,1.13912606157289,2.75676909063596,2.48553562621297,0.918923030211986,0.828511875404323,0,0,NA,1.38662319094391,0.574710033511957,0.414467345754356
"Chaetodon declivis",4,0.140408444444444,0.15125,0.129566888888889,1.16735071203034,2.5982777417987,4.12037781242077,0.649569435449675,0.686729635403462,0,0,NA,1.04640546986589,0.51403047334663,0.491234505313229
"Chaetodon decussatus",4,0.11022680827347,0.116931818181818,0.103521798365123,1.12953812654411,1.83782285960206,3.77370256801449,0.459455714900514,0.628950428002416,0,0,NA,0.940436914017023,0.387168773298279,0.411690319177827
"Chaetodon dialeucos",3,0.169116341463415,0.183292682926829,0.15494,1.18299137038098,2.88541784317677,1.97512043450174,0.961805947725589,0.658373478167246,0,0,NA,1.17409732974063,0.421308511195889,0.358836103723155
"Chaetodon dolosus",4,0.213733230769231,0.218205128205128,0.209261333333333,1.04273983506331,3.53524230994731,3.19163290893665,0.883810577486829,0.531938818156109,0,0,NA,0.760622231267764,0.295646839267415,0.388690768050056
"Chaetodon ephippium",5,0.150108595358081,0.146849315068493,0.153367875647668,0.957497223250648,2.68973780987001,5.9201171807,0.537947561974002,0.59201171807,0,0,NA,0.95088695575619,0.724003611654102,0.761398194886731
"Chaetodon excelsa",3,0.111553528052805,0.127227722772277,0.0958793333333333,1.32695668971705,2.4867042619493,1.84381770741086,0.828901420649765,0.614605902470288,0,0,NA,0.859547071185167,0.328332589213943,0.381983256322692
"Chaetodon falcula",4,0.131484308641975,0.160617283950617,0.102351333333333,1.5692739773846,2.49582659448741,4.18222448433692,0.623956648621852,0.697037414056153,0,0,NA,0.994845347328401,0.531139979184789,0.53389200704525
"Chaetodon fasciatus",3,0.157292146341463,0.134268292682927,0.180316,0.744627724011884,2.49594483204674,2.19721528600393,0.831981610682248,0.732405095334642,0,0,NA,1.02399831675826,0.321262013400363,0.313732950672617
"Chaetodon flavirostris",3,0.126603166666667,0.130333333333333,0.122873,1.06071580683578,2.92605596483011,2.33688587395524,0.975351988276703,0.778961957985081,0,0,NA,1.09480722087887,0.508153709276964,0.4641490296977
"Chaetodon flavocoronatus",4,0.135051313131313,0.139318181818182,0.130784444444444,1.06525040045846,2.95938081682274,3.461825425905,0.739845204205684,0.5769709043175,0,0,NA,0.865643520011054,0.298782525227324,0.345156543450482
"Chaetodon fremblii",4,0.145031201298701,0.142597402597403,0.147465,0.966991507119673,2.63585969526457,3.02301493729842,0.658964923816142,0.503835822883071,0,0,NA,0.824204177283657,0.511275671949563,0.620326474969567
"Chaetodon gardineri",3,0.118153846153846,0.123538461538462,0.112769230769231,1.09549795361528,1.91536264093556,2.17420585551962,0.638454213645186,0.724735285173205,0,0,NA,0.673968739888277,0.20649117647133,0.306380940613892
"Chaetodon guentheri",4,0.142572535864979,0.141392405063291,0.143752666666667,0.983581093428698,2.69882084750672,3.49818834407487,0.67470521187668,0.583031390679144,0,0,NA,0.847555503804187,0.534324513664033,0.630430114919623
"Chaetodon guttatissimus",4,0.230508888888889,0.231,0.230017777777778,1.00427020133709,2.79388554655779,4.51211190719891,0.698471386639447,0.752018651199818,0,0,NA,1.072193552728,0.497282052457412,0.463798771399222
"Chaetodon hoefleri",4,0.116538841342989,0.125322580645161,0.107755102040816,1.16303152492669,3.42916254747883,3.00810233237044,0.857290636869706,0.501350388728406,0,0,NA,0.870242448263907,0.356923905073378,0.410143065056669
"Chaetodon humeralis",3,0.137863659838182,0.143243243243243,0.132484076433121,1.08121101871102,1.8292684556351,2.31765220763827,0.609756151878365,0.772550735879422,0,0,NA,0.924434415378042,0.539312317524852,0.583397057220445
"Chaetodon interruptus",3,0.0897846349206349,0.0942857142857143,0.0852835555555556,1.10555562173172,2.56935604494538,2.27984568866646,0.856452014981793,0.759948562888819,0,0,NA,0.993713884583612,0.519413589908809,0.52269933827729
"Chaetodon kleinii",4,0.15538380952381,0.162380952380952,0.148386666666667,1.09430959013132,2.77177518923376,2.94353264757565,0.69294379730844,0.490588774595942,0,0,NA,0.709130689735576,0.481073127023814,0.678398402420291
"Chaetodon larvatus",4,0.209620978120978,0.216142857142857,0.203099099099099,1.06422361350502,3.35527638438704,3.92401151546794,0.838819096096759,0.654001919244656,0,0,NA,0.791142782083445,0.396461842690171,0.501125525845163
"Chaetodon leucopleura",4,0.13766167816092,0.145287356321839,0.130036,1.11728564645051,2.59437862009906,3.65209695137728,0.648594655024765,0.608682825229547,0,0,NA,0.980794677822046,0.406192566583227,0.414146381264241
"Chaetodon lineolatus",4,0.145133333333333,0.167466666666667,0.1228,1.36373507057546,2.83092707048722,4.16690097812946,0.707731767621804,0.694483496354911,0,0,NA,1.01031752596721,0.508981000445182,0.503783204154473
"Chaetodon litus",2,0.100878095238095,0.10047619047619,0.10128,0.992063492063492,1.96783098339843,1,0.983915491699217,1,0,NA,NA,1.37089718343333,NA,NA
"Chaetodon lunula",4,0.155887984496124,0.162209302325581,0.149566666666667,1.08452843097113,2.81563877958429,4.02188137509927,0.703909694896072,0.670313562516545,0,0,NA,0.862726965200314,0.404893381228019,0.469318101276697
"Chaetodon lunulatus",3,0.134013258130081,0.118292682926829,0.149733833333333,0.79001973230385,2.39089973212251,1.94168880842171,0.796966577374171,0.647229602807238,0,0,NA,0.891539932057095,0.464763557020955,0.521304251564574
"Chaetodon madagaskariensis",4,0.168423028455285,0.189024390243902,0.147821666666667,1.2787326412044,2.93487091936621,3.58413899924907,0.733717729841553,0.597356499874845,0,0,NA,0.993555821825674,0.635974921497513,0.640099838908799
"Chaetodon marleyi",3,0.087810880952381,0.0960714285714286,0.0795503333333333,1.20768103093759,2.37695597773773,2.11961504423475,0.792318659245911,0.70653834807825,0,0,NA,1.14419637086614,0.265633269841226,0.232157063774068
"Chaetodon melannotus",4,0.196697735294118,0.183176470588235,0.210219,0.871360203350959,2.62552307869309,3.95261131675684,0.656380769673272,0.658768552792806,0,0,NA,0.854614661723356,0.341995086798958,0.400174607476678
"Chaetodon melapterus",3,0.0949037530864198,0.0928395061728395,0.096968,0.957424162330248,2.81998441852231,2.16507586003846,0.939994806174103,0.721691953346153,0,0,NA,1.06449545001001,0.680690721975503,0.639449160603833
"Chaetodon mertensii",4,0.195504464285714,0.215238095238095,0.175770833333333,1.22453817369072,2.94610408214954,3.9062666829517,0.736526020537385,0.651044447158617,0,0,NA,0.972051012119106,0.37332473737255,0.38405879189271
"Chaetodon mesoleucos",4,0.206125,0.26175,0.1505,1.73920265780731,3.8228733743679,2.23826684193934,0.955718343591974,0.373044473656556,0,0,NA,0.765202832415595,0.40765179440422,0.53273691253513
"Chaetodon meyeri",3,0.192996470588235,0.192352941176471,0.19364,0.993353342163141,2.23766526125803,2.75398984113713,0.745888420419342,0.917996613712378,0,0,NA,1.36451648784433,0.614809418405088,0.45056943165001
"Chaetodon miliaris",4,0.142634514899026,0.146712328767123,0.138556701030928,1.05886130136986,2.71970622885708,3.29541831256848,0.67992655721427,0.549236385428079,0,0,NA,0.88043078983973,0.484852425040753,0.550699078946357
"Chaetodon mitratus",2,0.04154,0.045,0.03808,1.18172268907563,1.48760980810164,1,0.74380490405082,1,0,NA,NA,1.81816934032022,NA,NA
"Chaetodon modestus",3,0.11467393877551,0.12969387755102,0.099654,1.30144176401369,2.71570883167514,1.97700131369648,0.905236277225047,0.659000437898826,0,0,NA,0.843660058209159,0.301618937342933,0.357512406102502
"Chaetodon multicinctus",4,0.204260703703704,0.217407407407407,0.191114,1.13757970325255,2.83871749330991,3.47284631368176,0.709679373327478,0.57880771894696,0,0,NA,0.917384170041277,0.38076757711165,0.415057932702848
"Chaetodon nigropunctatus",3,0.128945679012346,0.124691358024691,0.1332,0.936121306491677,2.67731815721183,2.04011956470973,0.892439385737276,0.680039854903243,0,0,NA,1.09878847084073,0.612661396817888,0.557579018233705
"Chaetodon nippon",4,0.201327864341085,0.205581395348837,0.197074333333333,1.04316676794799,3.55457400525996,3.47002556784224,0.88864350131499,0.578337594640374,0,0,NA,0.674774443678159,0.376304838416169,0.557675000797232
"Chaetodon ocellatus",3,0.0416115842008812,0.0356626506024096,0.0475605177993527,0.749837307340985,1.82452454437075,2.16122237757159,0.608174848123582,0.720407459190529,0,0,NA,1.14715955318931,0.442438666524445,0.385681891672684
"Chaetodon ocellicaudus",4,0.167784490842491,0.168351648351648,0.167217333333333,1.00678347750023,2.42532866703339,4.30240199679313,0.606332166758347,0.717066999465521,0,0,NA,0.974000811366992,0.47671293699097,0.489437925951942
"Chaetodon octofasciatus",3,0.113999553113553,0.14956043956044,0.0784386666666667,1.9067182795956,2.13134094521381,2.17038243180385,0.710446981737935,0.723460810601282,0,0,NA,1.21131406502488,0.444877923791047,0.367268850116018
"Chaetodon ornatissimus",4,0.169020542635659,0.157674418604651,0.180366666666667,0.87418823842904,3.0127384741775,4.01784116042923,0.753184618544375,0.669640193404871,0,0,NA,0.943613053550248,0.530587821823061,0.562293855332732
"Chaetodon oxycephalus",4,0.350362884160757,0.358333333333333,0.34239243498818,1.0465573906319,3.64308596478551,2.9811253525565,0.910771491196377,0.496854225426083,0,0,NA,0.577551186114551,0.257981272256646,0.446681226632401
"Chaetodon paucifasciatus",4,0.201355864197531,0.225061728395062,0.17765,1.26688279423058,3.06752682718421,3.7492284400344,0.766881706796052,0.6248714066724,0,0,NA,0.919206384727896,0.443902891125878,0.482919721295543
"Chaetodon pelewensis",3,0.142796227642276,0.14219512195122,0.143397333333333,0.991616222183719,2.45771714044245,2.47090395006551,0.81923904681415,0.823634650021836,0,0,NA,0.89946288494404,0.360174599691453,0.400432975857432
"Chaetodon pictus",4,0.145657126760563,0.147042253521127,0.144272,1.01920160198186,2.32398520542074,3.96084331726695,0.580996301355186,0.660140552877824,0,0,NA,0.666192890403091,0.320971634970868,0.481799850455712
"Chaetodon plebeius",3,0.106179225108225,0.0968831168831169,0.115475333333333,0.83899404389206,2.41491645301438,2.302932204445,0.804972151004792,0.767644068148333,0,0,NA,1.3275096027737,0.446671808777301,0.336473504857535
"Chaetodon punctatofasciatus",4,0.171321400406504,0.178414634146341,0.164228166666667,1.0863826697187,2.62439716730594,3.68716302904205,0.656099291826486,0.614527171507009,0,0,NA,0.948556265186667,0.415495795122953,0.43802967770308
"Chaetodon quadrimaculatus",3,0.183599563253012,0.189156626506024,0.1780425,1.06242400834646,2.92950577464314,2.25472592226809,0.976501924881048,0.751575307422698,0,0,NA,0.966426161309488,0.411447803572559,0.425741582797237
"Chaetodon rafflesii",3,0.119315730392157,0.128235294117647,0.110396166666667,1.16159191020504,2.42497659436086,2.26291135846482,0.808325531453619,0.75430378615494,0,0,NA,0.9816501308816,0.328398300237477,0.334537010597196
"Chaetodon rainfordi",3,0.0775000765306122,0.0866326530612245,0.0683675,1.2671613421761,2.7425701023078,2.10090919561875,0.914190034102601,0.70030306520625,0,0,NA,1.17093520856595,0.270915802190835,0.231367030565788
"Chaetodon reticulatus",4,0.260324023809524,0.255119047619048,0.265529,0.96079542204071,3.97219195414956,4.81613077638812,0.993047988537389,0.802688462731353,0,0,NA,1.08803850772382,0.572022838353812,0.525737677750473
"Chaetodon robustus",4,0.0415651059466849,0.0480263157894737,0.0351038961038961,1.3681192437253,1.28060248622233,4.54618345093008,0.320150621555582,0.757697241821681,0,0,NA,1.18269127543206,0.547077227315461,0.462569766666795
"Chaetodon sanctaehelenae",3,0.025584923945561,0.0219753086419753,0.0291945392491468,0.752719830734015,1.44468113150438,2.90424137167765,0.481560377168128,0.968080457225883,0,0,NA,1.34719585572704,0.735343997707436,0.545833031315697
"Chaetodon sedentarius",4,0.291881899252832,0.295555555555556,0.288208242950108,1.02549306893599,3.249871077163,3.33894231405027,0.81246776929075,0.556490385675046,0,0,NA,0.879967462043409,0.477400377380642,0.542520488509939
"Chaetodon selene",4,0.136197352564103,0.135128205128205,0.1372665,0.98442231082023,2.79313989416369,3.37908118175893,0.698284973540922,0.563180196959822,0,0,NA,0.886357644572427,0.465399309534533,0.525069437133403
"Chaetodon semeion",4,0.126149864628125,0.120724637681159,0.131575091575092,0.917534133823956,2.87778150789948,4.43050082581328,0.71944537697487,0.738416804302214,0,0,NA,0.90007986652863,0.429981557804172,0.477714893748815
"Chaetodon semilarvatus",3,0.132477786144578,0.159518072289157,0.1054375,1.51291591975489,2.79058907557089,1.73720332452565,0.930196358523629,0.579067774841884,0,0,NA,0.808908362953505,0.741652333195783,0.916855811068444
"Chaetodon smithi",2,0.0369026570048309,0.0419444444444444,0.0318608695652174,1.3164877486657,1.7945758943593,1,0.897287947179649,1,0,NA,NA,1.4248052663886,NA,NA
"Chaetodon speculum",3,0.0629790280898876,0.0659550561797753,0.060003,1.09919597653076,2.59935758030886,2.2243015268534,0.86645252676962,0.741433842284467,0,0,NA,1.30580000751231,0.568838358362029,0.435624410391699
"Chaetodon striatus",2,0.0318965889983185,0.0384782608695652,0.0253149171270718,1.51998367904655,1.18927169024171,1,0.594635845120856,1,0,NA,NA,2.22351039814963,NA,NA
"Chaetodon tinkeri",3,0.0780303970588235,0.082235294117647,0.0738255,1.11391448913515,2.96964028839667,2.19035468103772,0.989880096132222,0.730118227012575,0,0,NA,1.22413785900348,0.757828745668892,0.619071406128888
"Chaetodon triangulum",4,0.134474043290043,0.143246753246753,0.125701333333333,1.13958022121287,1.96876186893777,3.61499073834664,0.492190467234443,0.602498456391106,0,0,NA,0.805564941893776,0.353051233078566,0.438265389564483
"Chaetodon trichrous",4,0.183475428571429,0.18797619047619,0.178974666666667,1.05029496060629,3.81877653890038,3.32208483840705,0.954694134725094,0.553680806401175,0,0,NA,0.89251933588043,0.486505126020645,0.545091973319245
"Chaetodon tricinctus",3,0.089870201754386,0.109894736842105,0.0698456666666667,1.57339377067685,1.93902102233954,2.03322158987189,0.646340340779847,0.677740529957296,0,0,NA,1.26398588303854,0.432401695393886,0.342093769555734
"Chaetodon trifascialis",4,0.169851443123939,0.185,0.154702886247878,1.19584064969271,2.98553617852678,3.19249806117353,0.746384044631694,0.532083010195588,0,0,NA,0.975593351581674,0.514568091734432,0.52744116275515
"Chaetodon trifasciatus",4,0.157625,0.158375,0.156875,1.00956175298805,3.03922557493125,3.72652002324797,0.759806393732813,0.621086670541328,0,0,NA,0.820285214835923,0.404756890038087,0.493434335664636
"Chaetodon ulietensis",4,0.127084476190476,0.144880952380952,0.109288,1.32568033435466,2.27608527268314,3.26050107648937,0.569021318170786,0.543416846081562,0,0,NA,0.874263762122111,0.356942229994635,0.408277507840683
"Chaetodon unimaculatus",3,0.0682612619047619,0.0738095238095238,0.062713,1.17694136478121,2.56967119352705,2.37940551440999,0.856557064509017,0.793135171469997,0,0,NA,1.01375857194778,0.484480723412614,0.477905427208137
"Chaetodon vagabundus",4,0.14521628313253,0.15289156626506,0.137541,1.11160720268909,3.4900404913596,3.41753440300954,0.872510122839901,0.569589067168256,0,0,NA,0.794173542842038,0.247312265258755,0.311408340768594
"Chaetodon wiebeli",4,0.106022857142857,0.104285714285714,0.10776,0.9677590412557,2.51987850585775,2.1877422655759,0.629969626464438,0.364623710929317,0,0,NA,0.796217672774175,0.607058319039931,0.762427587075308
"Chaetodon xanthocephalus",4,0.136455387445887,0.141558441558442,0.131352333333333,1.07770024304942,2.94035673088272,3.48260237889937,0.73508918272068,0.580433729816562,0,0,NA,0.893195876755365,0.390795504080905,0.437524975485236
"Chaetodon xanthurus",4,0.227283481927711,0.240240963855422,0.214326,1.12091376620392,3.0066518188956,4.12011874990518,0.7516629547239,0.686686458317531,0,0,NA,0.968679828899428,0.443304009011096,0.457637287146526
"Chaetodon zanzibarensis",3,0.141882952380952,0.142261904761905,0.141504,1.00535606599039,2.54806364496749,1.93619283204593,0.849354548322496,0.645397610681978,0,0,NA,0.659645115164811,0.250971277854985,0.380464089076564
"Chaetodon zanzibariensis",3,0.0897471428571428,0.0898809523809524,0.0896133333333333,1.0029863753268,2.56999503119725,2.07007947438799,0.856665010399083,0.690026491462664,0,0,NA,0.641869913534905,0.210358867202636,0.327728193465477
"Chelmon marginalis",3,0.0881982996254682,0.0968539325842697,0.0795426666666667,1.21763497055169,2.24266679667962,2.32563489420952,0.747555598893206,0.775211631403174,0,0,NA,1.14804320465509,0.390765525053761,0.340375278098667
"Chelmon muelleri",3,0.138944444444444,0.146777777777778,0.131111111111111,1.11949152542373,2.963830727065,2.28778251183484,0.987943575688333,0.762594170611613,0,0,NA,1.0138868443659,0.342207415741743,0.337520323538435
"Chelmon rostratus",3,0.0806307515605493,0.0897752808988764,0.0714862222222222,1.25584032990023,2.45775293057793,2.0295055971536,0.819250976859309,0.676501865717868,0,0,NA,1.2616082409118,0.33552702170615,0.265951831024546
"Chelmonops curiosus",3,0.0502413043478261,0.0637,0.0367826086956522,1.73179669030733,1.22308841615652,2.61963091136821,0.40769613871884,0.873210303789404,0,0,NA,1.25932538929784,0.520583883465634,0.413383139806224
"Chelmonops truncatus",3,0.135748094017094,0.14025641025641,0.131239777777778,1.06870350309416,2.94361382883069,2.48354253062996,0.981204609610231,0.827847510209988,0,0,NA,1.19851430399747,0.553708701651123,0.461995905934797
"Coradion altivelis",3,0.162762431372549,0.167156862745098,0.158368,1.05549645600815,2.15287542751773,2.20780272898537,0.71762514250591,0.735934242995122,0,0,NA,0.955394368140339,0.292719954350376,0.306386518606082
"Coradion chrysozonus",3,0.0926852173913043,0.0966304347826087,0.08874,1.08891632615065,2.24813420001244,2.19347413933943,0.749378066670814,0.731158046446478,0,0,NA,1.23459706447611,0.347724083178592,0.28164985417825
"Coradion melanopus",3,0.116578761904762,0.129142857142857,0.104014666666667,1.24158314669909,2.59796887612079,2.42678933759166,0.865989625373595,0.808929779197218,0,0,NA,1.14327343709555,0.429180587319537,0.375396273012217
"Forcipiger flavissimus",3,0.0794739583333333,0.0830666666666667,0.07588125,1.09469291381819,2.86247538525611,2.49503272075774,0.954158461752036,0.831677573585913,0,0,NA,1.10985480176688,0.692925808197884,0.624339154180122
"Forcipiger longirostris",3,0.104060934761441,0.10873417721519,0.0993876923076923,1.09404066731484,1.9404068443351,2.31728045325779,0.646802281445032,0.772426817752597,0,0,NA,1.17724294652875,1.13112044271371,0.960821592559938
"Forcipiger wanai",3,0.0623585246770639,0.0656164383561644,0.0591006109979633,1.11024974612235,1.53261108209245,2.57352053281778,0.510870360697483,0.857840177605928,0,0,NA,1.12719712706492,0.652555838668034,0.578919004493212
"Hemitaurichthys multispinosus",2,0.0497572429378531,0.0469491525423729,0.0525653333333333,0.893158086616773,1.62720670919624,1,0.813603354598119,1,0,NA,NA,1.63418640439391,NA,NA
"Hemitaurichthys polylepis",3,0.10970643373494,0.11421686746988,0.105196,1.08575295134681,2.53513026683525,2.16802208151443,0.845043422278416,0.722674027171477,0,0,NA,1.26175385191335,0.698109665024136,0.553285146675404
"Hemitaurichthys thompsoni",2,0.0251945012838238,0.0221686746987952,0.0282203278688525,0.785556950359296,1.47809425267864,1,0.739047126339318,1,0,NA,NA,1.82396989868167,NA,NA
"Hemitaurichthys zoster",3,0.0486275384038966,0.0514117647058824,0.0458433121019108,1.12146706572145,1.80942309481021,2.24466474726188,0.603141031603405,0.748221582420627,0,0,NA,1.30780729366068,0.953066243373012,0.728751283153716
"Heniochus acuminatus",3,0.0719025517241379,0.0762931034482759,0.067512,1.13006729838067,2.23230497665652,2.19323855816029,0.744101658885507,0.731079519386762,0,0,NA,1.20826714012478,0.528921472267363,0.437752095296361
"Heniochus chrysostomus",3,0.0958785082742317,0.0967021276595745,0.0950548888888889,1.01732934297163,2.32628635658326,2.22284256801252,0.775428785527754,0.74094752267084,0,0,NA,1.13760826601164,0.611695017510835,0.537702683591941
"Heniochus diphreutes",3,0.0631464809782609,0.0678260869565217,0.058466875,1.16007717115925,1.90166178350597,2.20558372187532,0.633887261168655,0.735194573958441,0,0,NA,1.16709422343602,0.799435782107482,0.684979640935828
"Heniochus intermedius",3,0.154850916666667,0.1540625,0.155639333333333,0.989868670730192,2.6265972267625,2.17534390199875,0.875532408920832,0.725114633999583,0,0,NA,0.992926757152426,0.433129122977483,0.436214574597261
"Heniochus monoceros",3,0.108378727076591,0.112233009708738,0.104524444444444,1.07374892356774,2.64412183726615,2.63222047885477,0.881373945755384,0.877406826284924,0,0,NA,1.04556754524553,0.431991137459644,0.413164256507407
"Heniochus pleurotaenia",3,0.11444275,0.1184375,0.110448,1.07233720846009,2.36680470116856,2.48072512628365,0.788934900389521,0.826908375427885,0,0,NA,1.06275779857707,0.40000750627023,0.37638632885668
"Heniochus singularius",3,0.0973397747747748,0.0995495495495495,0.09513,1.04645800010038,2.70510508063128,2.73024124633621,0.901701693543759,0.910080415445404,0,0,NA,1.26017433472179,0.521994359129176,0.414223925013056
"Heniochus varius",4,0.0438588888888889,0.0505952380952381,0.0371225396825397,1.36292501881371,1.29616899398439,3.64513350559862,0.324042248496097,0.607522250933104,0,0,NA,1.05897035297945,0.594313861702866,0.561218602608413
"Johnrandallia nigrirostris",3,0.0459083879636793,0.0451219512195122,0.0466948247078464,0.966315892646023,1.49046948503127,2.75807633122422,0.496823161677089,0.91935877707474,0,0,NA,1.31444250947168,0.550187527322098,0.418571008893524
"Parachaetodon ocellatus",3,0.0868,0.0996,0.074,1.34594594594595,2.43440460281642,2.08604163090366,0.811468200938807,0.695347210301221,0,0,NA,1.23431274967615,0.380923393038375,0.308611729999807
"Prognathodes aculeatus",3,0.0438364541832669,0.0441,0.0435729083665339,1.01209677419355,1.35942246296084,2.59278135805019,0.453140820986945,0.864260452683398,0,0,NA,1.22167420952738,0.483278258015681,0.39558685470052
"Prognathodes aya",3,0.0499877109051301,0.0498780487804878,0.0500973730297723,0.995622040917112,1.40465375744462,2.61601668274767,0.468217919148208,0.872005560915891,0,0,NA,1.24871576318295,0.549892724239416,0.440366607399709
"Prognathodes brasiliensis",3,0.0505330390302011,0.052089552238806,0.0489765258215962,1.06356160150169,1.67342410904239,2.85159501561532,0.557808036347463,0.950531671871773,0,0,NA,1.08595589109214,0.470438500084632,0.433202217459784
"Prognathodes carlhubbsi",4,0.140134736842105,0.140789473684211,0.13948,1.00938825411679,1.79139002623754,4.03024909762744,0.447847506559384,0.671708182937906,0,0,NA,0.975158630332449,0.522580624140313,0.535892938733625
"Prognathodes dichrous",2,0.0316796875,0.03,0.033359375,0.899297423887588,1.42441664467786,1,0.712208322338932,1,0,NA,NA,2.39980617612011,NA,NA
"Prognathodes falcifer",4,0.0495522612330809,0.0482278481012658,0.0508766743648961,0.947936332382254,1.17401944075365,4.7331449614378,0.293504860188412,0.788857493572967,0,0,NA,1.08546894874493,0.637220007817677,0.587045818818182
"Prognathodes guyanensis",3,0.12194817025775,0.122112676056338,0.121783664459161,1.00270160697363,2.18311582293419,2.81282644061992,0.727705274311398,0.937608813539972,0,0,NA,1.08784685077815,0.487247693260874,0.447901000873736
"Prognathodes marcellae",3,0.0352180980725624,0.0365277777777778,0.033908418367347,1.07724805628071,1.32664462860169,2.74234180197935,0.442214876200563,0.914113933993116,0,0,NA,1.31833291121456,0.547384104753985,0.41520931480781
"Prognathodes obliquus",3,0.119460044809559,0.111230769230769,0.12768932038835,0.871104716451432,1.88469267331411,2.3831618945689,0.628230891104703,0.794387298189635,0,0,NA,0.743109907117211,0.268062833260624,0.360731071801391
"Roa australis",3,0.0722301524390244,0.0754878048780488,0.0689725,1.09446235641812,1.42289942039491,1.4184465379801,0.474299806798305,0.472815512660035,0,0,NA,0.6839775054592,0.564630283895673,0.825510019538726
"Roa excelsa",3,0.130018631463146,0.144851485148515,0.115185777777778,1.25754661680515,2.4846317452296,1.8520567045996,0.828210581743199,0.617352234866533,0,0,NA,0.881049613362463,0.369558137047811,0.41945213009903
"Roa jayakari",3,0.125945559170885,0.129027777777778,0.122863340563991,1.05017312068424,1.66396999102021,2.27013430689968,0.554656663673404,0.756711435633228,0,0,NA,0.755057283534508,0.367293448828474,0.486444481548647
"Roa modesta",3,0.12992606122449,0.14530612244898,0.114546,1.26853947277932,2.74426266514081,1.96510334862573,0.914754221713602,0.65503444954191,0,0,NA,0.85575112340251,0.328759352403157,0.384176360874635
