filename,species,mouth_x,mouth_y,tail_x,tail_y,original_angle,angle,flip_h,flip_v,dv_tilt,ht_tilt,status,saved_at
Amphichaetodon_howensis_FishWise_030360F008947W000008.png,Amphichaetodon howensis,181,292,483,236,-10.51,-10.51,no,no,0,0,applied,2026-02-10T13:14:58.376987
Amphichaetodon_howensis_iNaturalist_11105384.png,Amphichaetodon howensis,313,508,779,256,-28.4,-21.9,,,,,applied,2026-02-07T08:57:22.148706
Amphichaetodon_howensis_iNaturalist_405964908.png,Amphichaetodon howensis,711,641,411,453,-147.93,-147.93,no,yes,0,0,applied,2026-02-12T13:28:11.244746
Amphichaetodon_melbae_iNaturalist_510100646.png,Amphichaetodon melbae,287,387,758,280,-12.8,-4.3,,,,,applied,2026-02-08T08:20:50.057336
Amphichaetodon_melbae_iNaturalist_510100653.png,Amphichaetodon melbae,835,358,242,398,176.14,170.64,,,,,applied,2026-02-08T08:20:18.735455
Chaetodon_adiergastos_FishBaseUser_1577140639_172.68.102.128.png,Chaetodon adiergastos,1326,889,630,724,-166.66,-170.16,,,,,applied,2026-02-08T08:33:38.371047
Chaetodon_adiergastos_FishBaseUser_1577140803_172.68.102.30.png,Chaetodon adiergastos,1678,1585,3210,1037,-19.68,-19.68,no,no,0,0,applied,2026-02-08T18:05:59.239353
Chaetodon_adiergastos_FishBaseUser_1610273317_172.68.243.13.png,Chaetodon adiergastos,2436,1779,800,895,-151.62,-151.62,no,yes,0,0,applied,2026-02-08T18:06:52.142533
Chaetodon_adiergastos_FishBaseUser_1753598392_219.73.75.40.png,Chaetodon adiergastos,861,1354,1961,1140,-11.01,-11.01,no,no,0,0,applied,2026-02-08T18:07:50.447643
Chaetodon_adiergastos_FishBase_Chadi_u3.png,Chaetodon adiergastos,210,275,330,148,-46.62,-46.62,no,no,0,0,applied,2026-02-11T06:22:04.180085
Chaetodon_adiergastos_FishBase_Chadi_u4.png,Chaetodon adiergastos,516,300,107,222,-169.2,-172.7,,,,,applied,2026-02-08T08:21:51.275867
Chaetodon_adiergastos_FishPix_28455AF.png,Chaetodon adiergastos,107,424,462,289,-20.82,-13.82,,,,,applied,2026-02-08T08:22:26.149805
Chaetodon_adiergastos_FishWise_000669F000031W000004.png,Chaetodon adiergastos,122,322,393,233,-18.18,-18.18,no,no,0,0,applied,2026-02-10T22:47:32.239099
Chaetodon_adiergastos_iNaturalist_264257791.png,Chaetodon adiergastos,318,485,631,400,-15.19,-8.69,,,,,applied,2026-02-08T08:27:00.789916
Chaetodon_adiergastos_iNaturalist_275485797.png,Chaetodon adiergastos,299,426,702,353,-10.27,-4.27,,,,,applied,2026-02-08T08:29:55.961339
Chaetodon_adiergastos_iNaturalist_312479934.png,Chaetodon adiergastos,264,387,786,397,1.1,1.1,,,,,applied,2026-02-08T08:31:16.964780
Chaetodon_adiergastos_iNaturalist_341061286.png,Chaetodon adiergastos,905,460,258,449,-179.03,-182.03,,,,,applied,2026-02-08T08:31:51.385941
Chaetodon_adiergastos_iNaturalist_432980114.png,Chaetodon adiergastos,345,542,735,325,-29.09,-29.09,,,,,applied,2026-02-08T08:32:15.793520
Chaetodon_adiergastos_iNaturalist_556364227.png,Chaetodon adiergastos,729,505,320,296,-152.93,-152.93,,,,,applied,2026-02-08T08:32:59.087856
Chaetodon_andamanensis_FishPix_88987AF.png,Chaetodon andamanensis,595,484,166,228,-149.17,-152.67,no,yes,0,0,applied,2026-02-08T18:09:56.313344
Chaetodon_andamanensis_iNaturalist_436938868.png,Chaetodon andamanensis,173,569,899,318,-19.07,-19.07,no,no,0,0,applied,2026-02-10T22:50:24.966994
Chaetodon_argentatus_Bishop_1074668308.png,Chaetodon argentatus,73,390,575,332,-6.59,-6.59,no,no,0,0,applied,2026-02-10T22:51:10.074812
Chaetodon_argentatus_FishBase_Charg_u0.png,Chaetodon argentatus,91,246,477,215,-4.59,-4.59,no,no,0,0,applied,2026-02-08T18:10:48.815430
Chaetodon_argentatus_FishBase_Charg_ua.png,Chaetodon argentatus,105,228,493,335,15.42,15.42,no,no,0,0,applied,2026-02-10T22:51:50.971956
Chaetodon_argentatus_FishPix_2068AF.png,Chaetodon argentatus,54,380,483,336,-5.86,-4.86,no,no,0,0,applied,2026-02-08T18:11:32.171107
Chaetodon_argentatus_FishWise_004409F000039W000001.png,Chaetodon argentatus,137,309,518,226,-12.29,-12.29,no,no,0,0,applied,2026-02-10T22:53:06.697453
Chaetodon_argentatus_iNaturalist_83513716.png,Chaetodon argentatus,950,394,190,443,176.31,168.81,no,yes,0,0,applied,2026-02-10T22:54:15.114067
Chaetodon_assarius_iNaturalist_176862632.png,Chaetodon assarius,399,261,653,371,23.42,26.92,no,no,0,0,applied,2026-02-08T18:14:19.903417
Chaetodon_assarius_iNaturalist_477274770.png,Chaetodon assarius,115,505,609,307,-21.84,-15.34,,,,,applied,2026-02-07T09:24:04.137496
Chaetodon_assarius_iNaturalist_6085742.png,Chaetodon assarius,821,471,320,412,-173.28,-177.28,,,,,applied,2026-02-07T09:23:15.290489
Chaetodon_aureofasciatus_FishBaseUser_1607952616_172.69.135.150.png,Chaetodon aureofasciatus,182,374,850,539,13.87,13.87,no,no,0,0,applied,2026-02-08T18:16:04.971150
Chaetodon_aureofasciatus_iNaturalist_341061346.png,Chaetodon aureofasciatus,927,511,277,496,-178.68,-182.18,no,yes,0,0,applied,2026-02-08T18:15:34.454396
Chaetodon_auriga_Bishop_1449897185.png,Chaetodon auriga,122,507,601,323,-21.01,-21.01,no,no,0,0,applied,2026-02-12T15:26:55.890213
Chaetodon_auriga_FishBaseUser_1361358853_86.28.236.182.png,Chaetodon auriga,890,457,186,262,-164.52,-164.52,no,yes,0,0,applied,2026-02-08T18:21:55.064800
Chaetodon_auriga_FishBaseUser_1508794173_172.68.102.54.png,Chaetodon auriga,2004,380,986,1421,134.36,129.86,no,yes,0,0,applied,2026-02-08T18:18:44.523700
Chaetodon_auriga_FishBaseUser_1575022767_162.158.167.52.png,Chaetodon auriga,1329,1425,403,562,-137.02,-137.02,no,yes,0,0,applied,2026-02-08T18:21:17.955809
Chaetodon_auriga_FishBaseUser_1585564321_141.101.69.75.png,Chaetodon auriga,943,568,251,385,-165.19,-165.19,no,yes,0,0,applied,2026-02-08T18:20:05.021659
Chaetodon_auriga_FishBase_Chaur_ul.png,Chaetodon auriga,118,389,495,170,-30.15,-30.15,no,no,0,0,applied,2026-02-08T18:17:19.120291
Chaetodon_auriga_FishBase_Chaur_uz.png,Chaetodon auriga,510,235,201,249,177.41,177.41,no,yes,0,0,applied,2026-02-08T18:24:09.395135
Chaetodon_auriga_FishPix_12061AF.png,Chaetodon auriga,90,319,464,362,6.56,6.56,no,no,0,0,applied,2026-02-08T18:19:26.226069
Chaetodon_auriga_iNaturalist_6973141.png,Chaetodon auriga,240,216,810,531,28.93,28.93,no,no,0,0,applied,2026-02-08T18:23:34.286735
Chaetodon_auripes_FishBase_Chauru12.png,Chaetodon auripes,97,210,482,265,8.13,8.13,no,no,0,0,applied,2026-02-08T18:26:36.848681
Chaetodon_auripes_FishPix_140765AF.png,Chaetodon auripes,39,415,498,298,-14.3,-14.3,no,no,0,0,applied,2026-02-08T18:26:13.588558
Chaetodon_austriacus_FishBaseUser_1705856644_108.162.212.67.png,Chaetodon austriacus,793,559,225,302,-155.65,-155.65,,,,,applied,2026-02-07T09:06:04.050095
Chaetodon_baronessa_FishBase_Chbar_u8.png,Chaetodon baronessa,445,345,186,177,-147.03,-147.03,no,yes,0,0,applied,2026-02-08T18:30:37.018920
Chaetodon_baronessa_FishWise_007419F000009W000010.png,Chaetodon baronessa,227,353,472,265,-19.76,-19.76,no,no,0,0,applied,2026-02-11T14:38:30.951384
Chaetodon_baronessa_FishWise_007419F000009W000015.png,Chaetodon baronessa,215,464,524,263,-33.04,-33.04,no,no,0,0,applied,2026-02-11T14:29:58.004479
Chaetodon_bennetti_FishBaseUser_1508795146_172.68.102.54.png,Chaetodon bennetti,1487,1471,578,718,-140.36,-140.36,no,yes,0,0,applied,2026-02-08T18:32:56.703113
Chaetodon_bennetti_FishBaseUser_1747225818_95.95.129.49.png,Chaetodon bennetti,1131,1171,2765,1692,17.68,17.68,no,no,0,0,applied,2026-02-08T18:34:21.366992
Chaetodon_bennetti_FishBase_Chben_u4.png,Chaetodon bennetti,471,284,178,178,-160.11,-160.11,no,yes,0,0,applied,2026-02-08T18:31:47.422190
Chaetodon_bennetti_FishBase_Chben_u6.png,Chaetodon bennetti,30,400,510,185,-24.13,-24.13,no,no,0,0,applied,2026-02-08T18:31:26.678970
Chaetodon_bennetti_FishBase_Chben_ud.png,Chaetodon bennetti,546,302,169,165,-160.03,-162.03,no,yes,0,0,applied,2026-02-08T18:32:14.211615
Chaetodon_bennetti_iNaturalist_450199741.png,Chaetodon bennetti,216,621,706,466,-17.55,-17.55,no,no,0,0,applied,2026-02-08T18:33:26.825799
Chaetodon_blackburnii_FishBaseUser_1692770455_172.70.90.91.png,Chaetodon blackburnii,1020,2031,2243,901,-42.74,-42.74,no,no,0,0,applied,2026-02-08T18:36:31.809681
Chaetodon_blackburnii_FishBase_Chbla_u5.png,Chaetodon blackburnii,506,324,134,209,-162.82,-162.82,no,yes,0,0,applied,2026-02-08T18:35:25.211915
Chaetodon_burgessi_FishBaseUser_1368178641_114.155.226.67.png,Chaetodon burgessi,957,309,209,394,173.52,173.52,no,yes,0,0,applied,2026-02-08T18:39:15.544756
Chaetodon_burgessi_FishBase_Chbur_u0.png,Chaetodon burgessi,106,297,423,119,-29.31,-27.81,no,no,0,0,applied,2026-02-08T18:38:30.055304
Chaetodon_burgessi_FishBase_Chbur_u3.png,Chaetodon burgessi,133,385,494,118,-36.49,-36.49,no,no,0,0,applied,2026-02-08T18:37:11.259475
Chaetodon_capistratus_FishBaseUser_1585558624_108.162.229.90.png,Chaetodon capistratus,689,373,205,218,-162.24,-162.24,no,yes,0,0,applied,2026-02-08T18:41:14.434916
Chaetodon_capistratus_FishBaseUser_1617565421_162.158.75.220.png,Chaetodon capistratus,266,936,1647,759,-7.3,-7.3,no,no,0,0,applied,2026-02-08T18:42:03.684095
Chaetodon_capistratus_FishBaseUser_1704222371_172.70.54.42.png,Chaetodon capistratus,673,411,229,340,-170.91,-170.91,no,yes,0,0,applied,2026-02-08T18:42:29.016328
Chaetodon_capistratus_FishBaseUser_1706474720_172.70.254.13.png,Chaetodon capistratus,168,490,701,299,-19.72,-19.72,no,no,0,0,applied,2026-02-08T18:43:04.765064
Chaetodon_capistratus_FishBaseUser_1711483573_172.70.54.91.png,Chaetodon capistratus,143,420,784,411,-0.8,-0.8,no,no,0,0,applied,2026-02-08T18:43:43.521791
Chaetodon_capistratus_FishBaseUser_1711483627_172.70.54.90.png,Chaetodon capistratus,630,411,165,385,-176.8,-176.8,no,yes,0,0,applied,2026-02-08T18:44:11.625330
Chaetodon_capistratus_FishBaseUser_1747226043_95.95.129.49.png,Chaetodon capistratus,2441,1629,1170,914,-150.64,-150.64,no,yes,0,0,applied,2026-02-08T18:44:41.999038
Chaetodon_capistratus_FishBase_Chcap_uh.png,Chaetodon capistratus,414,420,169,126,-129.81,-129.81,no,yes,0,0,applied,2026-02-08T18:40:06.466401
Chaetodon_capistratus_FishBase_Chcap_ui.png,Chaetodon capistratus,89,196,457,262,10.17,10.17,no,no,0,0,applied,2026-02-08T18:40:32.766551
Chaetodon_citrinellus_FishPix_33011AF.png,Chaetodon citrinellus,90,421,441,215,-30.41,-30.41,no,no,0,0,applied,2026-02-08T18:45:40.817566
Chaetodon_decussatus_Bishop_527122207.png,Chaetodon decussatus,50,364,584,255,-11.54,-11.54,no,no,0,0,applied,2026-02-08T20:15:46.169105
Chaetodon_ephippium_FishBase_Cheph_u0.png,Chaetodon ephippium,77,335,514,194,-17.88,-17.88,no,no,0,0,applied,2026-02-12T13:29:54.682666
Chaetodon_guttatissimus_FishBase_Chgut_u3.png,Chaetodon guttatissimus,87,209,486,288,11.2,11.2,,,,,applied,2026-02-07T08:55:36.281542
Chaetodon_ocellatus_FishBase_Choce_ub.png,Chaetodon ocellatus,578,337,137,200,-162.74,-162.74,no,yes,0,0,applied,2026-02-08T21:37:33.572055
Chaetodon_robustus_FishBase_Chrob_u6.png,Chaetodon robustus,423,245,187,192,-167.34,-167.34,no,yes,0,0,applied,2026-02-08T21:41:04.105291
Chaetodon_sanctaehelenae_FishBase_Chsan_u2.png,Chaetodon sanctaehelenae,549,298,161,204,-166.38,-166.38,no,yes,0,0,applied,2026-02-08T21:41:54.530527
Chaetodon_striatus_FishBase_Chstr_ua.png,Chaetodon striatus,138,358,463,177,-29.11,-29.11,no,no,0,0,applied,2026-02-08T21:43:10.149710
Chaetodon_triangulum_FishBase_Chtri_ub.png,Chaetodon triangulum,526,282,150,241,-173.78,-173.78,no,yes,0,0,applied,2026-02-08T21:48:37.489425
Chelmonops_curiosus_iNaturalist_23672257.png,Chelmonops curiosus,811,732,285,305,-140.93,-140.93,no,yes,0,0,applied,2026-02-08T19:55:16.316316
Forcipiger_wanai_FishBase_Fowan_u0.png,Forcipiger wanai,65,267,485,229,-5.17,-5.17,no,no,0,0,applied,2026-02-08T19:57:02.726942
Hemitaurichthys_thompsoni_FishBase_Hetho_u0.png,Hemitaurichthys thompsoni,71,284,463,161,-17.42,-17.42,no,no,0,0,applied,2026-02-08T19:46:10.203465
Hemitaurichthys_zoster_FishBase_Hezos_u3.png,Hemitaurichthys zoster,95,194,499,301,14.83,14.83,no,no,0,0,applied,2026-02-08T19:47:00.459019
Heniochus_monoceros_FishBase_Hemon_u1.png,Heniochus monoceros,98,219,431,250,5.32,5.32,no,no,0,0,applied,2026-02-08T19:49:34.394391
Heniochus_varius_FishBase_Hevar_u0.png,Heniochus varius,192,310,446,216,-20.31,-20.31,no,no,0,0,applied,2026-02-08T19:51:18.752819
Johnrandallia_nigrirostris_FishBase_Jonig_u0.png,Johnrandallia nigrirostris,150,197,439,216,3.76,3.76,no,no,0,0,applied,2026-02-08T19:51:44.219264
Johnrandallia_nigrirostris_FishBase_Jonig_u2.png,Johnrandallia nigrirostris,76,326,461,213,-16.36,-16.36,no,no,0,0,applied,2026-02-08T19:53:22.498797
Parachaetodon_ocellatus_FishBase_Paoce_u0.png,Parachaetodon ocellatus,58,371,421,249,-18.58,-18.58,no,no,0,0,applied,2026-02-08T19:31:54.419882
Parachaetodon_ocellatus_FishBase_Paoce_u4.png,Parachaetodon ocellatus,460,294,186,219,-164.69,-164.69,no,yes,0,0,applied,2026-02-08T19:31:03.435411
Prognathodes_aculeatus_FishBase_Chacu_u1.png,Prognathodes aculeatus,117,165,412,240,14.26,14.26,no,no,0,0,applied,2026-02-08T19:25:56.816732
Prognathodes_aculeatus_FishBase_Pracu_u0.png,Prognathodes aculeatus,129,384,423,96,-44.41,-44.41,no,no,0,0,applied,2026-02-08T19:26:24.632952
Prognathodes_aculeatus_FishBase_Pracu_u1.png,Prognathodes aculeatus,223,342,437,146,-42.49,-42.49,no,no,0,0,applied,2026-02-08T19:26:50.672643
Prognathodes_aculeatus_FishBase_Pracu_u3.png,Prognathodes aculeatus,162,376,447,137,-39.98,-39.98,no,no,0,0,applied,2026-02-08T19:27:46.325039
Prognathodes_aya_FishBase_Praya_u0.png,Prognathodes aya,79,292,423,178,-18.33,-18.33,no,no,0,0,applied,2026-02-08T19:28:27.305923
Prognathodes_brasiliensis_FishBase_Prbra_u2.png,Prognathodes brasiliensis,218,167,489,314,28.48,28.48,no,no,0,0,applied,2026-02-08T19:29:19.612822
Prognathodes_dichrous_FishBase_Prdic_u0.png,Prognathodes dichrous,78,293,499,221,-9.7,-9.7,no,no,0,0,applied,2026-02-08T19:23:37.746784
Prognathodes_dichrous_FishBase_Prdic_u1.png,Prognathodes dichrous,182,48,119,313,103.37,103.37,no,no,0,0,applied,2026-02-08T19:22:49.797952
Prognathodes_dichrous_FishPix_89092AF.png,Prognathodes dichrous,580,419,134,342,-170.2,-170.2,no,yes,0,0,applied,2026-02-08T19:23:06.464276
Prognathodes_falcifer_FishBaseUser_1635576194_172.70.147.83.png,Prognathodes falcifer,106,1234,1134,1091,-7.92,-7.92,no,no,0,0,applied,2026-02-08T19:25:14.825406
Prognathodes_falcifer_iNaturalist_562177068.png,Prognathodes falcifer,713,412,298,371,-174.36,-174.36,no,yes,0,0,applied,2026-02-08T19:20:29.135132
Prognathodes_guyanensis_FishBase_Prguy_u0.png,Prognathodes guyanensis,44,238,514,280,5.11,5.11,no,no,0,0,applied,2026-02-08T19:19:06.621863
Prognathodes_guyanensis_FishPix_89093AF.png,Prognathodes guyanensis,43,373,490,383,1.28,1.28,no,no,0,0,applied,2026-02-08T19:19:39.985997
Prognathodes_marcellae_iNaturalist_184144288.png,Prognathodes marcellae,264,342,654,508,23.06,23.06,no,no,0,0,applied,2026-02-08T19:17:18.333900
Prognathodes_marcellae_iNaturalist_184144302.png,Prognathodes marcellae,303,296,653,427,20.52,20.52,no,no,0,0,applied,2026-02-08T19:18:00.933175
Prognathodes_marcellae_iNaturalist_273249646.png,Prognathodes marcellae,362,390,827,337,-6.5,-6.5,no,no,0,0,applied,2026-02-08T19:17:43.964648
Prognathodes_obliquus_FishBase_Chobl_u1.png,Prognathodes obliquus,583,278,145,236,-174.52,-174.52,no,yes,0,0,applied,2026-02-09T06:59:47.925072
Roa_modesta_FishBase_Chmod_u2.png,Roa modesta,103,269,405,226,-8.1,-8.1,no,no,0,0,applied,2026-02-08T18:47:19.392337
Roa_modesta_FishBase_Romod_u0.png,Roa modesta,459,352,202,191,-147.93,-147.93,no,yes,0,0,applied,2026-02-08T18:47:48.084273
Roa_modesta_FishBase_Romod_u1.png,Roa modesta,200,250,413,216,-9.07,-9.07,no,no,0,0,applied,2026-02-08T18:48:19.686700
