species,fishbase_file,bishop_file,is_duplicate,reviewed_at,notes
Amphichaetodon howensis,Amphichaetodon_howensis_FishBase_Amhow_u3.jpg,Amphichaetodon_howensis_Bishop_-369771762.jpg,yes,2026-02-05T12:22:30.750385,
Amphichaetodon howensis,Amphichaetodon_howensis_FishBase_Amhow_u2.jpg,Amphichaetodon_howensis_Bishop_-1464681654.jpg,yes,2026-02-05T12:22:33.092195,
Amphichaetodon howensis,Amphichaetodon_howensis_FishBase_Amhow_u1.jpg,Amphichaetodon_howensis_Bishop_472868867.jpg,yes,2026-02-05T12:24:41.294419,
Amphichaetodon howensis,Amphichaetodon_howensis_FishBase_Amhow_u3.jpg,Amphichaetodon_howensis_Bishop_472868867.jpg,no,2026-02-05T12:34:02.304392,
Amphichaetodon howensis,Amphichaetodon_howensis_FishBase_Amhow_u1.jpg,Amphichaetodon_howensis_Bishop_-369771762.jpg,no,2026-02-05T12:34:04.428345,
Amphichaetodon howensis,Amphichaetodon_howensis_FishBase_Amhow_u3.jpg,Amphichaetodon_howensis_Bishop_-1464681654.jpg,no,2026-02-05T12:35:41.525235,
Amphichaetodon howensis,Amphichaetodon_howensis_FishBase_Amhow_u2.jpg,Amphichaetodon_howensis_Bishop_-369771762.jpg,no,2026-02-05T12:36:43.805789,
Amphichaetodon melbae,Amphichaetodon_melbae_FishBase_Ammel_u0.jpg,Amphichaetodon_melbae_Bishop_-1115161976.jpg,yes,2026-02-05T12:22:34.433662,
Chaetodon adiergastos,Chaetodon_adiergastos_FishBase_Chadi_u1.jpg,Chaetodon_adiergastos_Bishop_1979529705.jpg,yes,2026-02-05T12:22:36.874999,
Chaetodon argentatus,Chaetodon_argentatus_FishBase_Charg_u2.jpg,Chaetodon_argentatus_Bishop_1074668308.jpg,yes,2026-02-05T12:23:43.983274,
Chaetodon argentatus,Chaetodon_argentatus_FishBase_Charg_u1.jpg,Chaetodon_argentatus_Bishop_1101542975.jpg,yes,2026-02-05T12:24:42.972780,
Chaetodon aureofasciatus,Chaetodon_aureofasciatus_FishBase_Chaur_u1.jpg,Chaetodon_aureofasciatus_Bishop_1459626629.jpg,yes,2026-02-05T12:22:38.434146,
Chaetodon auriga,Chaetodon_auriga_FishBase_Chaur_u7.jpg,Chaetodon_auriga_Bishop_415255648.jpg,yes,2026-02-05T12:22:39.596711,
Chaetodon auriga,Chaetodon_auriga_FishBase_Chaur_u6.jpg,Chaetodon_auriga_Bishop_1449897185.jpg,yes,2026-02-05T12:23:44.788718,
Chaetodon auriga,Chaetodon_auriga_FishBase_Chaur_u9.jpg,Chaetodon_auriga_Bishop_1547714619.jpg,yes,2026-02-05T12:24:25.047412,
Chaetodon auriga,Chaetodon_auriga_FishBase_Chaur_ua.jpg,Chaetodon_auriga_Bishop_1988149751.jpg,yes,2026-02-05T12:25:07.161054,
Chaetodon auriga,Chaetodon_auriga_FishBase_Chaur_u5.jpg,Chaetodon_auriga_Bishop_-2122348146.jpg,yes,2026-02-05T12:25:21.360457,
Chaetodon auriga,Chaetodon_auriga_FishBase_Chaur_u8.jpg,Chaetodon_auriga_Bishop_-2122348146.jpg,yes,2026-02-05T12:25:22.486779,
Chaetodon auriga,Chaetodon_auriga_FishBase_Chaur_ua.jpg,Chaetodon_auriga_Bishop_843681634.jpg,yes,2026-02-05T12:25:23.846814,
Chaetodon auriga,Chaetodon_auriga_FishBase_Chaur_ua.jpg,Chaetodon_auriga_Bishop_415255648.jpg,no,2026-02-05T12:29:37.296635,
Chaetodon auriga,Chaetodon_auriga_FishBase_Chaur_u5.jpg,Chaetodon_auriga_Bishop_843681634.jpg,no,2026-02-05T12:31:12.714280,
Chaetodon auriga,Chaetodon_auriga_FishBase_Chaur_u7.jpg,Chaetodon_auriga_Bishop_843681634.jpg,no,2026-02-05T12:31:14.334828,
Chaetodon auriga,Chaetodon_auriga_FishBase_Chaur_ul.jpg,Chaetodon_auriga_Bishop_1449897185.jpg,no,2026-02-05T12:32:21.745700,
Chaetodon auriga,Chaetodon_auriga_FishBase_Chaur_u0.jpg,Chaetodon_auriga_Bishop_-2122348146.jpg,no,2026-02-05T12:34:09.558539,
Chaetodon auriga,Chaetodon_auriga_FishBase_Chaur_u8.jpg,Chaetodon_auriga_Bishop_843681634.jpg,yes,2026-02-05T12:34:21.000782,
Chaetodon auriga,Chaetodon_auriga_FishBase_Chaur_u7.jpg,Chaetodon_auriga_Bishop_1988149751.jpg,no,2026-02-05T12:35:50.818016,
Chaetodon auriga,Chaetodon_auriga_FishBase_Chaur_un.jpg,Chaetodon_auriga_Bishop_1449897185.jpg,no,2026-02-05T12:35:53.696260,
Chaetodon auriga,Chaetodon_auriga_FishBase_Chaur_u4.jpg,Chaetodon_auriga_Bishop_1449897185.jpg,no,2026-02-05T12:36:44.944266,
Chaetodon auriga,Chaetodon_auriga_FishBase_Chaur_ud.jpg,Chaetodon_auriga_Bishop_1449897185.jpg,no,2026-02-05T12:36:47.372316,
Chaetodon auriga,Chaetodon_auriga_FishBase_Chaur_u9.jpg,Chaetodon_auriga_Bishop_1449897185.jpg,no,2026-02-05T12:37:25.111280,
Chaetodon auripes,Chaetodon_auripes_FishBase_Chaur_uc.jpg,Chaetodon_auripes_Bishop_1839596140.jpg,yes,2026-02-05T12:26:24.365707,
Chaetodon auripes,Chaetodon_auripes_FishBase_Chaur_ub.jpg,Chaetodon_auripes_Bishop_-346327811.jpg,yes,2026-02-05T12:29:48.260433,
Chaetodon auripes,Chaetodon_auripes_FishBase_Chaur_uo.jpg,Chaetodon_auripes_Bishop_1839596140.jpg,no,2026-02-05T12:32:23.975016,
Chaetodon austriacus,Chaetodon_austriacus_FishBase_Chaus_u1.jpg,Chaetodon_austriacus_Bishop_-1737564550.jpg,yes,2026-02-05T12:23:45.572371,
Chaetodon baronessa,Chaetodon_baronessa_FishBase_Chbar_u3.jpg,Chaetodon_baronessa_Bishop_1152880952.jpg,yes,2026-02-05T12:23:46.689555,
Chaetodon baronessa,Chaetodon_baronessa_FishBase_Chbar_u0.jpg,Chaetodon_baronessa_Bishop_-2122794458.jpg,yes,2026-02-05T12:24:25.818462,
Chaetodon baronessa,Chaetodon_baronessa_FishBase_Chbar_u1.jpg,Chaetodon_baronessa_Bishop_918345433.jpg,yes,2026-02-05T12:24:26.589558,
Chaetodon baronessa,Chaetodon_baronessa_FishBase_Chbar_u4.jpg,Chaetodon_baronessa_Bishop_601798515.jpg,yes,2026-02-05T12:25:27.860446,
Chaetodon baronessa,Chaetodon_baronessa_FishBase_Chbar_u3.jpg,Chaetodon_baronessa_Bishop_-2122794458.jpg,no,2026-02-05T12:31:16.839861,
Chaetodon baronessa,Chaetodon_baronessa_FishBase_Chbar_u3.jpg,Chaetodon_baronessa_Bishop_918345433.jpg,no,2026-02-05T12:31:18.898114,
Chaetodon baronessa,Chaetodon_baronessa_FishBase_Chbar_u0.jpg,Chaetodon_baronessa_Bishop_1152880952.jpg,no,2026-02-05T12:32:26.606739,
Chaetodon baronessa,Chaetodon_baronessa_FishBase_Chbar_u1.jpg,Chaetodon_baronessa_Bishop_1152880952.jpg,no,2026-02-05T12:32:29.915278,
Chaetodon baronessa,Chaetodon_baronessa_FishBase_Chbar_u4.jpg,Chaetodon_baronessa_Bishop_1152880952.jpg,no,2026-02-05T12:32:34.141345,
Chaetodon baronessa,Chaetodon_baronessa_FishBase_Chbar_u1.jpg,Chaetodon_baronessa_Bishop_-2122794458.jpg,no,2026-02-05T12:34:23.694919,
Chaetodon baronessa,Chaetodon_baronessa_FishBase_Chbar_u4.jpg,Chaetodon_baronessa_Bishop_918345433.jpg,no,2026-02-05T12:34:26.274349,
Chaetodon baronessa,Chaetodon_baronessa_FishBase_Chbar_u0.jpg,Chaetodon_baronessa_Bishop_601798515.jpg,no,2026-02-05T12:35:56.409164,
Chaetodon baronessa,Chaetodon_baronessa_FishBase_Chbar_u1.jpg,Chaetodon_baronessa_Bishop_601798515.jpg,no,2026-02-05T12:35:58.275938,
Chaetodon baronessa,Chaetodon_baronessa_FishBase_Chbar_u0.jpg,Chaetodon_baronessa_Bishop_918345433.jpg,no,2026-02-05T12:36:49.326249,
Chaetodon baronessa,Chaetodon_baronessa_FishBase_Chbar_u4.jpg,Chaetodon_baronessa_Bishop_-2122794458.jpg,no,2026-02-05T12:36:50.731813,
Chaetodon baronessa,Chaetodon_baronessa_FishBase_Chbar_u3.jpg,Chaetodon_baronessa_Bishop_601798515.jpg,no,2026-02-05T12:37:26.368117,
Chaetodon bennetti,Chaetodon_bennetti_FishBase_Chben_u1.jpg,Chaetodon_bennetti_Bishop_-2064196433.jpg,yes,2026-02-05T12:22:40.696594,
Chaetodon bennetti,Chaetodon_bennetti_FishBase_Chben_u2.jpg,Chaetodon_bennetti_Bishop_711591108.jpg,yes,2026-02-05T12:23:50.488547,
Chaetodon bennetti,Chaetodon_bennetti_FishBase_Chben_u2.jpg,Chaetodon_bennetti_Bishop_-2064196433.jpg,no,2026-02-05T12:36:00.892606,
Chaetodon bennetti,Chaetodon_bennetti_FishBase_Chben_u1.jpg,Chaetodon_bennetti_Bishop_711591108.jpg,no,2026-02-05T12:36:52.318098,
Chaetodon blackburnii,Chaetodon_blackburnii_FishBase_Chbla_u0.jpg,Chaetodon_blackburnii_Bishop_300609141.jpg,yes,2026-02-05T12:22:42.129833,
Chaetodon blackburnii,Chaetodon_blackburnii_FishBase_Chbla_f0.jpg,Chaetodon_blackburnii_Bishop_-410407509.jpg,yes,2026-02-05T12:22:43.482999,
Chaetodon blackburnii,Chaetodon_blackburnii_FishBase_Chbla_u1.jpg,Chaetodon_blackburnii_Bishop_1288243346.jpg,yes,2026-02-05T12:22:44.630087,
Chaetodon blackburnii,Chaetodon_blackburnii_FishBase_Chbla_u0.jpg,Chaetodon_blackburnii_Bishop_-410407509.jpg,yes,2026-02-05T12:25:08.002669,
Chaetodon blackburnii,Chaetodon_blackburnii_FishBase_Chbla_f0.jpg,Chaetodon_blackburnii_Bishop_300609141.jpg,yes,2026-02-05T12:25:08.807342,
Chaetodon blackburnii,Chaetodon_blackburnii_FishBase_Chbla_f0.jpg,Chaetodon_blackburnii_Bishop_1288243346.jpg,no,2026-02-05T12:29:56.288409,
Chaetodon blackburnii,Chaetodon_blackburnii_FishBase_Chbla_u1.jpg,Chaetodon_blackburnii_Bishop_-410407509.jpg,no,2026-02-05T12:30:20.385605,
Chaetodon blackburnii,Chaetodon_blackburnii_FishBase_Chbla_u0.jpg,Chaetodon_blackburnii_Bishop_1288243346.jpg,no,2026-02-05T12:32:41.511458,
Chaetodon blackburnii,Chaetodon_blackburnii_FishBase_Chbla_u1.jpg,Chaetodon_blackburnii_Bishop_300609141.jpg,no,2026-02-05T12:32:44.018955,
Chaetodon citrinellus,Chaetodon_citrinellus_FishBase_Chcit_u5.jpg,Chaetodon_citrinellus_Bishop_-1937929700.jpg,yes,2026-02-05T12:22:45.903073,
Chaetodon citrinellus,Chaetodon_citrinellus_FishBase_Chcit_u2.jpg,Chaetodon_citrinellus_Bishop_520787921.jpg,yes,2026-02-05T12:23:51.330711,
Chaetodon citrinellus,Chaetodon_citrinellus_FishBase_Chcit_u1.jpg,Chaetodon_citrinellus_Bishop_-1191499504.jpg,yes,2026-02-05T12:24:44.493867,
Chaetodon citrinellus,Chaetodon_citrinellus_FishBase_Chcit_u3.jpg,Chaetodon_citrinellus_Bishop_-1736280642.jpg,yes,2026-02-05T12:24:45.323477,
Chaetodon citrinellus,Chaetodon_citrinellus_FishBase_Chcit_u4.jpg,Chaetodon_citrinellus_Bishop_1043818087.jpg,yes,2026-02-05T12:27:05.232936,
Chaetodon citrinellus,Chaetodon_citrinellus_FishBase_Chcit_u2.jpg,Chaetodon_citrinellus_Bishop_1043818087.jpg,no,2026-02-05T12:31:20.295031,
Chaetodon citrinellus,Chaetodon_citrinellus_FishBase_Chcit_u4.jpg,Chaetodon_citrinellus_Bishop_520787921.jpg,no,2026-02-05T12:31:22.027037,
Chaetodon citrinellus,Chaetodon_citrinellus_FishBase_Chcit_u3.jpg,Chaetodon_citrinellus_Bishop_-1191499504.jpg,no,2026-02-05T12:36:06.100799,
Chaetodon citrinellus,Chaetodon_citrinellus_FishBase_Chcit_u1.jpg,Chaetodon_citrinellus_Bishop_-1937929700.jpg,no,2026-02-05T12:37:27.968631,
Chaetodon citrinellus,Chaetodon_citrinellus_FishBase_Chcit_u4.jpg,Chaetodon_citrinellus_Bishop_-1736280642.jpg,no,2026-02-05T12:37:29.119045,
Chaetodon citrinellus,Chaetodon_citrinellus_FishBase_Chcit_u5.jpg,Chaetodon_citrinellus_Bishop_-1191499504.jpg,no,2026-02-05T12:37:30.189165,
Chaetodon citrinellus,Chaetodon_citrinellus_FishBase_Chcit_u5.jpg,Chaetodon_citrinellus_Bishop_-1736280642.jpg,no,2026-02-05T12:37:31.690139,
Chaetodon collare,Chaetodon_collare_FishBase_Chcol_u2.jpg,Chaetodon_collare_Bishop_1403678122.jpg,yes,2026-02-05T12:22:48.301288,
Chaetodon collare,Chaetodon_collare_FishBase_Chcol_u3.jpg,Chaetodon_collare_Bishop_1999007469.jpg,yes,2026-02-05T12:23:52.118590,
Chaetodon collare,Chaetodon_collare_FishBase_Chcol_u3.jpg,Chaetodon_collare_Bishop_1403678122.jpg,no,2026-02-05T12:36:20.109664,
Chaetodon collare,Chaetodon_collare_FishBase_Chcol_u2.jpg,Chaetodon_collare_Bishop_1999007469.jpg,no,2026-02-05T12:36:53.767935,
Chaetodon daedalma,Chaetodon_daedalma_FishBase_Chdae_u1.jpg,Chaetodon_daedalma_Bishop_1811677923.jpg,yes,2026-02-05T12:24:27.340801,
Chaetodon declivis,Chaetodon_declivis_FishBase_Chdec_u2.jpg,Chaetodon_declivis_Bishop_-274435096.jpg,yes,2026-02-05T12:24:45.969543,
Chaetodon declivis,Chaetodon_declivis_FishBase_Chdec_u1.jpg,Chaetodon_declivis_Bishop_-405463978.jpg,yes,2026-02-05T12:24:56.011650,
Chaetodon declivis,Chaetodon_declivis_FishBase_Chdec_u3.jpg,Chaetodon_declivis_Bishop_1376440265.jpg,yes,2026-02-05T12:25:10.194168,
Chaetodon decussatus,Chaetodon_decussatus_FishBase_Chdec_u4.jpg,Chaetodon_decussatus_Bishop_527122207.jpg,yes,2026-02-05T12:22:49.759334,
Chaetodon dialeucos,Chaetodon_dialeucos_FishBase_Chdia_u0.jpg,Chaetodon_dialeucos_Bishop_1297085044.jpg,yes,2026-02-05T12:23:52.928511,
Chaetodon dolosus,Chaetodon_dolosus_FishBase_Chdol_u1.jpg,Chaetodon_dolosus_Bishop_-1008609691.jpg,yes,2026-02-05T12:23:53.785526,
Chaetodon ephippium,Chaetodon_ephippium_FishBase_Cheph_u5.jpg,Chaetodon_ephippium_Bishop_-1248760382.jpg,yes,2026-02-05T12:23:54.735004,
Chaetodon ephippium,Chaetodon_ephippium_FishBase_Cheph_u3.jpg,Chaetodon_ephippium_Bishop_-1179871461.jpg,yes,2026-02-05T12:25:11.681137,
Chaetodon falcula,Chaetodon_falcula_FishBase_Chfal_u1.jpg,Chaetodon_falcula_Bishop_1821335233.jpg,yes,2026-02-05T12:23:55.480572,
Chaetodon fasciatus,Chaetodon_fasciatus_FishBase_Chfas_u6.jpg,Chaetodon_fasciatus_Bishop_-1886056978.jpg,yes,2026-02-05T12:22:50.830136,
Chaetodon fasciatus,Chaetodon_fasciatus_FishBase_Chfas_u1.jpg,Chaetodon_fasciatus_Bishop_2100774615.jpg,yes,2026-02-05T12:23:56.197210,
Chaetodon fasciatus,Chaetodon_fasciatus_FishBase_Chfas_u1.jpg,Chaetodon_fasciatus_Bishop_-1886056978.jpg,no,2026-02-05T12:36:22.116952,
Chaetodon fasciatus,Chaetodon_fasciatus_FishBase_Chfas_u6.jpg,Chaetodon_fasciatus_Bishop_2100774615.jpg,no,2026-02-05T12:37:03.563699,
Chaetodon flavirostris,Chaetodon_flavirostris_FishBase_Chfla_u3.jpg,Chaetodon_flavirostris_Bishop_1864146380.jpg,yes,2026-02-05T12:22:52.529600,
Chaetodon flavocoronatus,Chaetodon_flavocoronatus_FishBase_Chfla_u5.jpg,Chaetodon_flavocoronatus_Bishop_-1261632291.jpg,yes,2026-02-05T12:23:56.885292,
Chaetodon flavocoronatus,Chaetodon_flavocoronatus_FishBase_Chfla_u4.jpg,Chaetodon_flavocoronatus_Bishop_-1599575846.jpg,yes,2026-02-05T12:24:28.159904,
Chaetodon flavocoronatus,Chaetodon_flavocoronatus_FishBase_Chfla_u5.jpg,Chaetodon_flavocoronatus_Bishop_-1599575846.jpg,yes,2026-02-05T12:25:29.131237,
Chaetodon flavocoronatus,Chaetodon_flavocoronatus_FishBase_Chfla_u4.jpg,Chaetodon_flavocoronatus_Bishop_-1261632291.jpg,no,2026-02-05T12:28:16.886238,
Chaetodon fremblii,Chaetodon_fremblii_FishBase_Chfre_u1.jpg,Chaetodon_fremblii_Bishop_5130835.jpg,yes,2026-02-05T12:22:53.388197,
Chaetodon gardineri,Chaetodon_gardineri_FishBase_Chgar_u1.jpg,Chaetodon_gardineri_Bishop_-1706450280.jpg,yes,2026-02-05T12:23:57.597544,
Chaetodon gardineri,Chaetodon_gardineri_FishBase_Chgar_u0.jpg,Chaetodon_gardineri_Bishop_-1706450280.jpg,no,2026-02-05T12:37:33.014849,
Chaetodon guentheri,Chaetodon_guentheri_FishBase_Chgue_u1.jpg,Chaetodon_guentheri_Bishop_-184146759.jpg,yes,2026-02-05T12:23:58.355716,
Chaetodon guttatissimus,Chaetodon_guttatissimus_FishBase_Chgut_u0.jpg,Chaetodon_guttatissimus_Bishop_-1623433841.jpg,yes,2026-02-05T12:23:59.091920,
Chaetodon guttatissimus,Chaetodon_guttatissimus_FishBase_Chgut_u1.jpg,Chaetodon_guttatissimus_Bishop_-397235578.jpg,yes,2026-02-05T12:31:40.660619,
Chaetodon kleinii,Chaetodon_kleinii_FishBase_Chkle_u1.jpg,Chaetodon_kleinii_Bishop_-1577854379.jpg,yes,2026-02-05T12:24:28.918923,
Chaetodon kleinii,Chaetodon_kleinii_FishBase_Chkle_u4.jpg,Chaetodon_kleinii_Bishop_977649394.jpg,yes,2026-02-05T12:24:29.694795,
Chaetodon kleinii,Chaetodon_kleinii_FishBase_Chkle_u2.jpg,Chaetodon_kleinii_Bishop_308997156.jpg,yes,2026-02-05T12:24:56.919061,
Chaetodon kleinii,Chaetodon_kleinii_FishBase_Chkle_u2.jpg,Chaetodon_kleinii_Bishop_-1577854379.jpg,no,2026-02-05T12:37:34.273101,
Chaetodon larvatus,Chaetodon_larvatus_FishBase_Chlar_u1.jpg,Chaetodon_larvatus_Bishop_1783626891.jpg,yes,2026-02-05T12:22:54.388794,
Chaetodon leucopleura,Chaetodon_leucopleura_FishBase_Chleu_u5.jpg,Chaetodon_leucopleura_Bishop_951338608.jpg,yes,2026-02-05T12:22:55.321630,
Chaetodon lineolatus,Chaetodon_lineolatus_FishBase_Chlin_u5.jpg,Chaetodon_lineolatus_Bishop_1821004318.jpg,yes,2026-02-05T12:22:56.155307,
Chaetodon lineolatus,Chaetodon_lineolatus_FishBase_Chlin_u2.jpg,Chaetodon_lineolatus_Bishop_1526268337.jpg,yes,2026-02-05T12:23:59.814384,
Chaetodon lineolatus,Chaetodon_lineolatus_FishBase_Chlin_u6.jpg,Chaetodon_lineolatus_Bishop_-879271097.jpg,yes,2026-02-05T12:24:00.568319,
Chaetodon litus,Chaetodon_litus_FishBase_Chlit_u0.jpg,Chaetodon_litus_Bishop_1983788749.jpg,yes,2026-02-05T12:22:56.905089,
Chaetodon lunula,Chaetodon_lunula_FishBase_Chlun_u7.jpg,Chaetodon_lunula_Bishop_-530805309.jpg,yes,2026-02-05T12:24:30.402468,
Chaetodon lunula,Chaetodon_lunula_FishBase_Chlun_u8.jpg,Chaetodon_lunula_Bishop_2036473160.jpg,yes,2026-02-05T12:24:57.773693,
Chaetodon lunula,Chaetodon_lunula_FishBase_Chlun_u6.jpg,Chaetodon_lunula_Bishop_543936522.jpg,yes,2026-02-05T12:25:12.472918,
Chaetodon lunula,Chaetodon_lunula_FishBase_Chlun_u8.jpg,Chaetodon_lunula_Bishop_-530805309.jpg,no,2026-02-05T12:28:28.108963,
Chaetodon lunula,Chaetodon_lunula_FishBase_Chlun_u7.jpg,Chaetodon_lunula_Bishop_2036473160.jpg,no,2026-02-05T12:30:34.701941,
Chaetodon lunula,Chaetodon_lunula_FishBase_Chlun_j0.jpg,Chaetodon_lunula_Bishop_1720571305.jpg,yes,2026-02-05T12:33:09.157908,
Chaetodon lunula,Chaetodon_lunula_FishBase_Chlun_u6.jpg,Chaetodon_lunula_Bishop_2036473160.jpg,no,2026-02-05T12:36:23.763814,
Chaetodon lunula,Chaetodon_lunula_FishBase_Chlun_u8.jpg,Chaetodon_lunula_Bishop_543936522.jpg,no,2026-02-05T12:37:04.769662,
Chaetodon lunulatus,Chaetodon_lunulatus_FishBase_Chlun_uc.jpg,Chaetodon_lunulatus_Bishop_1378116790.jpg,yes,2026-02-05T12:24:01.405904,
Chaetodon lunulatus,Chaetodon_lunulatus_FishBase_Chlun_ub.jpg,Chaetodon_lunulatus_Bishop_1113667583.jpg,yes,2026-02-05T12:24:58.543935,
Chaetodon lunulatus,Chaetodon_lunulatus_FishBase_Chlun_uc.jpg,Chaetodon_lunulatus_Bishop_1113667583.jpg,no,2026-02-05T12:37:36.672544,
Chaetodon madagaskariensis,Chaetodon_madagaskariensis_FishBase_Chmad_u1.jpg,Chaetodon_madagaskariensis_Bishop_1210446292.jpg,yes,2026-02-05T12:24:02.168836,
Chaetodon marleyi,Chaetodon_marleyi_FishBase_Chmar_ua.jpg,Chaetodon_marleyi_Bishop_384825925.jpg,yes,2026-02-05T12:24:02.914232,
Chaetodon melannotus,Chaetodon_melannotus_FishBase_Chmel_u4.jpg,Chaetodon_melannotus_Bishop_403079329.jpg,yes,2026-02-05T12:22:57.916242,
Chaetodon melannotus,Chaetodon_melannotus_FishBase_Chmel_u6.jpg,Chaetodon_melannotus_Bishop_-1689715678.jpg,yes,2026-02-05T12:22:58.864258,
Chaetodon melannotus,Chaetodon_melannotus_FishBase_Chmel_u8.jpg,Chaetodon_melannotus_Bishop_-1381464288.jpg,yes,2026-02-05T12:24:59.352443,
Chaetodon melannotus,Chaetodon_melannotus_FishBase_Chmel_u7.jpg,Chaetodon_melannotus_Bishop_-1126507013.jpg,yes,2026-02-05T12:26:26.456900,
Chaetodon melannotus,Chaetodon_melannotus_FishBase_Chmel_u7.jpg,Chaetodon_melannotus_Bishop_-1689715678.jpg,no,2026-02-05T12:28:34.487433,
Chaetodon melannotus,Chaetodon_melannotus_FishBase_Chmel_u7.jpg,Chaetodon_melannotus_Bishop_-1381464288.jpg,no,2026-02-05T12:33:11.603791,
Chaetodon melannotus,Chaetodon_melannotus_FishBase_Chmel_u6.jpg,Chaetodon_melannotus_Bishop_-1126507013.jpg,no,2026-02-05T12:34:28.932937,
Chaetodon melannotus,Chaetodon_melannotus_FishBase_Chmel_u4.jpg,Chaetodon_melannotus_Bishop_-1126507013.jpg,no,2026-02-05T12:37:06.102625,
Chaetodon melannotus,Chaetodon_melannotus_FishBase_Chmel_u8.jpg,Chaetodon_melannotus_Bishop_-1126507013.jpg,no,2026-02-05T12:37:08.557027,
Chaetodon melannotus,Chaetodon_melannotus_FishBase_Chmel_u6.jpg,Chaetodon_melannotus_Bishop_-1381464288.jpg,no,2026-02-05T12:37:38.248143,
Chaetodon melapterus,Chaetodon_melapterus_FishBase_Chmel_u9.jpg,Chaetodon_melapterus_Bishop_690928567.jpg,yes,2026-02-05T12:24:03.693341,
Chaetodon melapterus,Chaetodon_melapterus_FishBase_Chmel_ua.jpg,Chaetodon_melapterus_Bishop_-738901426.jpg,yes,2026-02-05T12:24:04.460583,
Chaetodon melapterus,Chaetodon_melapterus_FishBase_Chmel_u2.jpg,Chaetodon_melapterus_Bishop_-738901426.jpg,no,2026-02-05T12:30:40.030742,
Chaetodon melapterus,Chaetodon_melapterus_FishBase_Chmel_ua.jpg,Chaetodon_melapterus_Bishop_690928567.jpg,no,2026-02-05T12:33:18.253183,
Chaetodon melapterus,Chaetodon_melapterus_FishBase_Chmel_u9.jpg,Chaetodon_melapterus_Bishop_-738901426.jpg,no,2026-02-05T12:34:51.042494,
Chaetodon melapterus,Chaetodon_melapterus_FishBase_Chmel_u2.jpg,Chaetodon_melapterus_Bishop_690928567.jpg,no,2026-02-05T12:37:39.638759,
Chaetodon mertensii,Chaetodon_mertensii_FishBase_Chmer_u3.jpg,Chaetodon_mertensii_Bishop_2125964090.jpg,yes,2026-02-05T12:22:59.709150,
Chaetodon mertensii,Chaetodon_mertensii_FishBase_Chmer_u4.jpg,Chaetodon_mertensii_Bishop_992543933.jpg,yes,2026-02-05T12:23:00.551982,
Chaetodon mertensii,Chaetodon_mertensii_FishBase_Chmer_u4.jpg,Chaetodon_mertensii_Bishop_-727881428.jpg,no,2026-02-05T12:26:35.886971,
Chaetodon mertensii,Chaetodon_mertensii_FishBase_Chmer_u4.jpg,Chaetodon_mertensii_Bishop_2125964090.jpg,no,2026-02-05T12:28:36.125616,
Chaetodon mertensii,Chaetodon_mertensii_FishBase_Chmer_u2.jpg,Chaetodon_mertensii_Bishop_1869466931.jpg,yes,2026-02-05T12:30:48.043565,
Chaetodon mertensii,Chaetodon_mertensii_FishBase_Chmer_u3.jpg,Chaetodon_mertensii_Bishop_992543933.jpg,no,2026-02-05T12:30:50.676885,
Chaetodon mertensii,Chaetodon_mertensii_FishBase_Chmer_u2.jpg,Chaetodon_mertensii_Bishop_-727881428.jpg,no,2026-02-05T12:33:19.890590,
Chaetodon mertensii,Chaetodon_mertensii_FishBase_Chmer_u2.jpg,Chaetodon_mertensii_Bishop_992543933.jpg,no,2026-02-05T12:33:22.541095,
Chaetodon mertensii,Chaetodon_mertensii_FishBase_Chmer_u2.jpg,Chaetodon_mertensii_Bishop_2125964090.jpg,no,2026-02-05T12:36:25.726030,
Chaetodon mertensii,Chaetodon_mertensii_FishBase_Chmer_u3.jpg,Chaetodon_mertensii_Bishop_-727881428.jpg,no,2026-02-05T12:36:28.502643,
Chaetodon mertensii,Chaetodon_mertensii_FishBase_Chmer_u3.jpg,Chaetodon_mertensii_Bishop_1869466931.jpg,no,2026-02-05T12:36:30.575837,
Chaetodon mertensii,Chaetodon_mertensii_FishBase_Chmer_u4.jpg,Chaetodon_mertensii_Bishop_1869466931.jpg,no,2026-02-05T12:37:11.109798,
Chaetodon mesoleucos,Chaetodon_mesoleucos_FishBase_Chmes_u0.jpg,Chaetodon_mesoleucos_Bishop_-899095560.jpg,yes,2026-02-05T12:24:05.209671,
Chaetodon mesoleucos,Chaetodon_mesoleucos_FishBase_Chmes_u7.jpg,Chaetodon_mesoleucos_Bishop_-899095560.jpg,no,2026-02-05T12:37:12.305589,
Chaetodon meyeri,Chaetodon_meyeri_FishBase_Chmey_u0.jpg,Chaetodon_meyeri_Bishop_-146742631.jpg,yes,2026-02-05T12:23:01.392689,
Chaetodon miliaris,Chaetodon_miliaris_FishBase_Chmil_u1.jpg,Chaetodon_miliaris_Bishop_1720766063.jpg,yes,2026-02-05T12:24:05.931289,
Chaetodon miliaris,Chaetodon_miliaris_FishBase_Chmil_u2.jpg,Chaetodon_miliaris_Bishop_725437158.jpg,yes,2026-02-05T12:24:31.155985,
Chaetodon miliaris,Chaetodon_miliaris_FishBase_Chmil_u1.jpg,Chaetodon_miliaris_Bishop_725437158.jpg,no,2026-02-05T12:37:13.499074,
Chaetodon mitratus,Chaetodon_mitratus_FishBase_Chmit_u1.jpg,Chaetodon_mitratus_Bishop_-777256060.jpg,yes,2026-02-05T12:24:06.597045,
Chaetodon multicinctus,Chaetodon_multicinctus_FishBase_Chmul_u2.jpg,Chaetodon_multicinctus_Bishop_-1145166510.jpg,yes,2026-02-05T12:23:02.409174,
Chaetodon multicinctus,Chaetodon_multicinctus_FishBase_Chmul_u3.jpg,Chaetodon_multicinctus_Bishop_-1285212619.jpg,yes,2026-02-05T12:23:06.621752,
Chaetodon nigropunctatus,Chaetodon_nigropunctatus_FishBase_Chnig_u2.jpg,Chaetodon_nigropunctatus_Bishop_1435538384.jpg,yes,2026-02-05T12:23:09.495003,
Chaetodon nigropunctatus,Chaetodon_nigropunctatus_FishBase_Chnig_u4.jpg,Chaetodon_nigropunctatus_Bishop_276052843.jpg,yes,2026-02-05T12:23:10.305455,
Chaetodon nippon,Chaetodon_nippon_FishBase_Chnip_u1.jpg,Chaetodon_nippon_Bishop_-751379567.jpg,yes,2026-02-05T12:23:10.838359,
Chaetodon ocellicaudus,Chaetodon_ocellicaudus_FishBase_Choce_u4.jpg,Chaetodon_ocellicaudus_Bishop_958979710.jpg,yes,2026-02-05T12:24:31.889776,
Chaetodon octofasciatus,Chaetodon_octofasciatus_FishBase_Choct_u2.jpg,Chaetodon_octofasciatus_Bishop_1838436391.jpg,yes,2026-02-05T12:24:07.267061,
Chaetodon ornatissimus,Chaetodon_ornatissimus_FishBase_Chorn_u3.jpg,Chaetodon_ornatissimus_Bishop_164962524.jpg,yes,2026-02-05T12:23:11.520148,
Chaetodon ornatissimus,Chaetodon_ornatissimus_FishBase_Chorn_u2.jpg,Chaetodon_ornatissimus_Bishop_553414317.jpg,yes,2026-02-05T12:25:13.377286,
Chaetodon paucifasciatus,Chaetodon_paucifasciatus_FishBase_Chpau_u1.jpg,Chaetodon_paucifasciatus_Bishop_-1576082838.jpg,yes,2026-02-05T12:25:00.123544,
Chaetodon pelewensis,Chaetodon_pelewensis_FishBase_Chpel_u1.jpg,Chaetodon_pelewensis_Bishop_-460781405.jpg,yes,2026-02-05T12:23:12.460071,
Chaetodon plebeius,Chaetodon_plebeius_FishBase_Chple_u3.jpg,Chaetodon_plebeius_Bishop_-243381367.jpg,yes,2026-02-05T12:24:08.001627,
Chaetodon plebeius,Chaetodon_plebeius_FishBase_Chple_u4.jpg,Chaetodon_plebeius_Bishop_-531604202.jpg,yes,2026-02-05T12:24:08.743238,
Chaetodon plebeius,Chaetodon_plebeius_FishBase_Chple_u5.jpg,Chaetodon_plebeius_Bishop_-243381367.jpg,no,2026-02-05T12:26:42.190439,
Chaetodon plebeius,Chaetodon_plebeius_FishBase_Chple_u5.jpg,Chaetodon_plebeius_Bishop_-113106721.jpg,no,2026-02-05T12:28:38.104704,
Chaetodon plebeius,Chaetodon_plebeius_FishBase_Chple_u3.jpg,Chaetodon_plebeius_Bishop_-113106721.jpg,no,2026-02-05T12:31:02.390770,
Chaetodon plebeius,Chaetodon_plebeius_FishBase_Chple_u3.jpg,Chaetodon_plebeius_Bishop_-531604202.jpg,no,2026-02-05T12:36:31.701741,
Chaetodon plebeius,Chaetodon_plebeius_FishBase_Chple_u4.jpg,Chaetodon_plebeius_Bishop_-243381367.jpg,no,2026-02-05T12:36:33.105516,
Chaetodon plebeius,Chaetodon_plebeius_FishBase_Chple_u5.jpg,Chaetodon_plebeius_Bishop_-531604202.jpg,no,2026-02-05T12:37:16.992914,
Chaetodon plebeius,Chaetodon_plebeius_FishBase_Chple_u4.jpg,Chaetodon_plebeius_Bishop_-113106721.jpg,no,2026-02-05T12:37:41.081868,
Chaetodon punctatofasciatus,Chaetodon_punctatofasciatus_FishBase_Chpun_u3.jpg,Chaetodon_punctatofasciatus_Bishop_1458053428.jpg,yes,2026-02-05T12:24:32.839472,
Chaetodon punctatofasciatus,Chaetodon_punctatofasciatus_FishBase_Chpun_u0.jpg,Chaetodon_punctatofasciatus_Bishop_1458053428.jpg,no,2026-02-05T12:37:18.094075,
Chaetodon rafflesii,Chaetodon_rafflesii_FishBase_Chraf_u3.jpg,Chaetodon_rafflesii_Bishop_-779601278.jpg,yes,2026-02-05T12:28:48.976222,
Chaetodon rafflesii,Chaetodon_rafflesii_FishBase_Chraf_u2.jpg,Chaetodon_rafflesii_Bishop_497192485.jpg,yes,2026-02-05T12:34:54.533512,
Chaetodon rafflesii,Chaetodon_rafflesii_FishBase_Chraf_u3.jpg,Chaetodon_rafflesii_Bishop_497192485.jpg,no,2026-02-05T12:34:58.275200,
Chaetodon rafflesii,Chaetodon_rafflesii_FishBase_Chraf_u2.jpg,Chaetodon_rafflesii_Bishop_-779601278.jpg,no,2026-02-05T12:37:19.326188,
Chaetodon rainfordi,Chaetodon_rainfordi_FishBase_Chrai_u0.jpg,Chaetodon_rainfordi_Bishop_-805104421.jpg,yes,2026-02-05T12:24:09.447874,
Chaetodon reticulatus,Chaetodon_reticulatus_FishBase_Chret_u4.jpg,Chaetodon_reticulatus_Bishop_-2063111040.jpg,yes,2026-02-05T12:25:00.873900,
Chaetodon selene,Chaetodon_selene_FishBase_Chsel_u0.jpg,Chaetodon_selene_Bishop_-1379331455.jpg,yes,2026-02-05T12:35:21.908769,
Chaetodon semeion,Chaetodon_semeion_FishBase_Chsem_u0.jpg,Chaetodon_semeion_Bishop_238560942.jpg,yes,2026-02-05T12:23:13.508982,
Chaetodon semeion,Chaetodon_semeion_FishBase_Chsem_u3.jpg,Chaetodon_semeion_Bishop_-1205919593.jpg,yes,2026-02-05T12:25:01.586404,
Chaetodon semeion,Chaetodon_semeion_FishBase_Chsem_u3.jpg,Chaetodon_semeion_Bishop_238560942.jpg,yes,2026-02-05T12:25:14.023507,
Chaetodon semeion,Chaetodon_semeion_FishBase_Chsem_u0.jpg,Chaetodon_semeion_Bishop_-1205919593.jpg,no,2026-02-05T12:27:12.244584,
Chaetodon semilarvatus,Chaetodon_semilarvatus_FishBase_Chsem_u2.jpg,Chaetodon_semilarvatus_Bishop_-947886964.jpg,yes,2026-02-05T12:25:30.750864,
Chaetodon smithi,Chaetodon_smithi_FishBase_Chsmi_u1.jpg,Chaetodon_smithi_Bishop_-608924262.jpg,yes,2026-02-05T12:24:33.718729,
Chaetodon smithi,Chaetodon_smithi_FishBase_Chsmi_u0.jpg,Chaetodon_smithi_Bishop_-756583267.jpg,yes,2026-02-05T12:25:02.381181,
Chaetodon smithi,Chaetodon_smithi_FishBase_Chsmi_u3.jpg,Chaetodon_smithi_Bishop_-1166721005.jpg,yes,2026-02-05T12:26:46.158677,
Chaetodon smithi,Chaetodon_smithi_FishBase_Chsmi_u0.jpg,Chaetodon_smithi_Bishop_-608924262.jpg,no,2026-02-05T12:27:49.142490,
Chaetodon smithi,Chaetodon_smithi_FishBase_Chsmi_u0.jpg,Chaetodon_smithi_Bishop_-1166721005.jpg,no,2026-02-05T12:28:56.404184,
Chaetodon smithi,Chaetodon_smithi_FishBase_Chsmi_u1.jpg,Chaetodon_smithi_Bishop_-756583267.jpg,no,2026-02-05T12:32:16.295141,
Chaetodon smithi,Chaetodon_smithi_FishBase_Chsmi_u1.jpg,Chaetodon_smithi_Bishop_-1166721005.jpg,no,2026-02-05T12:33:27.329706,
Chaetodon smithi,Chaetodon_smithi_FishBase_Chsmi_u3.jpg,Chaetodon_smithi_Bishop_-608924262.jpg,no,2026-02-05T12:33:30.020369,
Chaetodon smithi,Chaetodon_smithi_FishBase_Chsmi_u3.jpg,Chaetodon_smithi_Bishop_-756583267.jpg,no,2026-02-05T12:33:31.979701,
Chaetodon speculum,Chaetodon_speculum_FishBase_Chspe_u0.jpg,Chaetodon_speculum_Bishop_65885528.jpg,yes,2026-02-05T12:35:30.350219,
Chaetodon tinkeri,Chaetodon_tinkeri_FishBase_Chtin_u0.jpg,Chaetodon_tinkeri_Bishop_-408146097.jpg,yes,2026-02-05T12:24:10.189320,
Chaetodon tinkeri,Chaetodon_tinkeri_FishBase_Chtin_u1.jpg,Chaetodon_tinkeri_Bishop_-1989865351.jpg,yes,2026-02-05T12:25:32.427163,
Chaetodon tinkeri,Chaetodon_tinkeri_FishBase_Chtin_u2.jpg,Chaetodon_tinkeri_Bishop_1959828294.jpg,yes,2026-02-05T12:33:51.599545,
Chaetodon tinkeri,Chaetodon_tinkeri_FishBase_Chtin_u2.jpg,Chaetodon_tinkeri_Bishop_-1989865351.jpg,no,2026-02-05T12:37:42.435070,
Chaetodon trichrous,Chaetodon_trichrous_FishBase_Chtri_ud.jpg,Chaetodon_trichrous_Bishop_-192591132.jpg,yes,2026-02-05T12:23:14.580835,
Chaetodon tricinctus,Chaetodon_tricinctus_FishBase_Chtri_u5.jpg,Chaetodon_tricinctus_Bishop_28770837.jpg,no,2026-02-05T12:27:57.979190,
Chaetodon trifascialis,Chaetodon_trifascialis_FishBase_Chtri_u7.jpg,Chaetodon_trifascialis_Bishop_-500274613.jpg,yes,2026-02-05T12:24:10.960105,
Chaetodon trifascialis,Chaetodon_trifascialis_FishBase_Chtri_u4.jpg,Chaetodon_trifascialis_Bishop_-1790297166.jpg,yes,2026-02-05T12:24:34.502581,
Chaetodon trifasciatus,Chaetodon_trifasciatus_FishBase_Chtri_uc.jpg,Chaetodon_trifasciatus_Bishop_-781709008.jpg,yes,2026-02-05T12:24:11.843617,
Chaetodon ulietensis,Chaetodon_ulietensis_FishBase_Chuli_u1.jpg,Chaetodon_ulietensis_Bishop_-201975074.jpg,yes,2026-02-05T12:24:35.206459,
Chaetodon ulietensis,Chaetodon_ulietensis_FishBase_Chuli_u2.jpg,Chaetodon_ulietensis_Bishop_-1430510223.jpg,yes,2026-02-05T12:25:03.148758,
Chaetodon ulietensis,Chaetodon_ulietensis_FishBase_Chuli_u1.jpg,Chaetodon_ulietensis_Bishop_-1430510223.jpg,no,2026-02-05T12:25:46.641091,
Chaetodon ulietensis,Chaetodon_ulietensis_FishBase_Chuli_u2.jpg,Chaetodon_ulietensis_Bishop_-201975074.jpg,no,2026-02-05T12:28:58.325465,
Chaetodon unimaculatus,Chaetodon_unimaculatus_FishBase_Chuni_u1.jpg,Chaetodon_unimaculatus_Bishop_-538563321.jpg,yes,2026-02-05T12:23:15.597211,
Chaetodon wiebeli,Chaetodon_wiebeli_FishBase_Chwie_u1.jpg,Chaetodon_wiebeli_Bishop_532247427.jpg,yes,2026-02-05T12:24:15.048587,
Chaetodon xanthocephalus,Chaetodon_xanthocephalus_FishBase_Chxan_u5.jpg,Chaetodon_xanthocephalus_Bishop_-1021247480.jpg,yes,2026-02-05T12:24:15.806641,
Chaetodon xanthurus,Chaetodon_xanthurus_FishBase_Chxan_u6.jpg,Chaetodon_xanthurus_Bishop_-858508951.jpg,yes,2026-02-05T12:25:17.115586,
Chaetodon xanthurus,Chaetodon_xanthurus_FishBase_Chxan_u7.jpg,Chaetodon_xanthurus_Bishop_-858508951.jpg,no,2026-02-05T12:31:03.851677,
Chelmon marginalis,Chelmon_marginalis_FishBase_Chmar_u2.jpg,Chelmon_marginalis_Bishop_24220165.jpg,yes,2026-02-05T12:24:16.605960,
Chelmon marginalis,Chelmon_marginalis_FishBase_Chmar_u5.jpg,Chelmon_marginalis_Bishop_-336691052.jpg,yes,2026-02-05T12:24:17.536193,
Chelmon marginalis,Chelmon_marginalis_FishBase_Chmar_u4.jpg,Chelmon_marginalis_Bishop_-1899628097.jpg,yes,2026-02-05T12:29:18.659837,
Chelmon muelleri,Chelmon_muelleri_FishBase_Chmue_u2.jpg,Chelmon_muelleri_Bishop_1919363298.jpg,yes,2026-02-05T12:23:17.705259,
Chelmon muelleri,Chelmon_muelleri_FishBase_Chmue_u1.jpg,Chelmon_muelleri_Bishop_425540539.jpg,yes,2026-02-05T12:23:22.255686,
Chelmon muelleri,Chelmon_muelleri_FishBase_Chmue_u1.jpg,Chelmon_muelleri_Bishop_1919363298.jpg,no,2026-02-05T12:37:21.236335,
Chelmon rostratus,Chelmon_rostratus_FishBase_Chros_u4.jpg,Chelmon_rostratus_Bishop_-1060273696.jpg,yes,2026-02-05T12:23:23.234663,
Chelmon rostratus,Chelmon_rostratus_FishBase_Chros_u5.jpg,Chelmon_rostratus_Bishop_-1630595999.jpg,yes,2026-02-05T12:26:18.187286,
Chelmon rostratus,Chelmon_rostratus_FishBase_Chros_u4.jpg,Chelmon_rostratus_Bishop_-1630595999.jpg,no,2026-02-05T12:26:56.066458,
Chelmon rostratus,Chelmon_rostratus_FishBase_Chros_u5.jpg,Chelmon_rostratus_Bishop_-1060273696.jpg,no,2026-02-05T12:28:04.779442,
Chelmon rostratus,Chelmon_rostratus_FishBase_Chros_u0.jpg,Chelmon_rostratus_Bishop_-1630595999.jpg,no,2026-02-05T12:37:22.363917,
Chelmonops truncatus,Chelmonops_truncatus_FishBase_Chtru_u1.jpg,Chelmonops_truncatus_Bishop_-473926281.jpg,yes,2026-02-05T12:24:18.430840,
Coradion altivelis,Coradion_altivelis_FishBase_Coalt_u0.jpg,Coradion_altivelis_Bishop_-1400875907.jpg,yes,2026-02-05T12:23:24.209624,
Coradion altivelis,Coradion_altivelis_FishBase_Coalt_u1.jpg,Coradion_altivelis_Bishop_1025347564.jpg,yes,2026-02-05T12:24:19.180144,
Coradion chrysozonus,Coradion_chrysozonus_FishBase_Cochr_u5.jpg,Coradion_chrysozonus_Bishop_213329914.jpg,yes,2026-02-05T12:23:29.473036,
Coradion chrysozonus,Coradion_chrysozonus_FishBase_Cochr_u1.jpg,Coradion_chrysozonus_Bishop_-1821725095.jpg,yes,2026-02-05T12:24:19.955965,
Coradion chrysozonus,Coradion_chrysozonus_FishBase_Cochr_u4.jpg,Coradion_chrysozonus_Bishop_1721541363.jpg,yes,2026-02-05T12:24:20.751836,
Coradion chrysozonus,Coradion_chrysozonus_FishBase_Cochr_u3.jpg,Coradion_chrysozonus_Bishop_28243640.jpg,yes,2026-02-05T12:25:17.993806,
Coradion chrysozonus,Coradion_chrysozonus_FishBase_Cochr_u3.jpg,Coradion_chrysozonus_Bishop_1721541363.jpg,no,2026-02-05T12:33:57.721184,
Coradion chrysozonus,Coradion_chrysozonus_FishBase_Cochr_u5.jpg,Coradion_chrysozonus_Bishop_-1821725095.jpg,no,2026-02-05T12:37:43.781884,
Coradion chrysozonus,Coradion_chrysozonus_FishBase_Cochr_u5.jpg,Coradion_chrysozonus_Bishop_1721541363.jpg,no,2026-02-05T12:37:44.889175,
Coradion melanopus,Coradion_melanopus_FishBase_Comel_u0.jpg,Coradion_melanopus_Bishop_-1537131019.jpg,yes,2026-02-05T12:23:30.320230,
Coradion melanopus,Coradion_melanopus_FishBase_Comel_u1.jpg,Coradion_melanopus_Bishop_726040623.jpg,yes,2026-02-05T12:23:31.121508,
Coradion melanopus,Coradion_melanopus_FishBase_Comel_u2.jpg,Coradion_melanopus_Bishop_1537514406.jpg,yes,2026-02-05T12:23:31.917428,
Coradion melanopus,Coradion_melanopus_FishBase_Comel_u0.jpg,Coradion_melanopus_Bishop_1397670468.jpg,yes,2026-02-05T12:24:21.594103,
Coradion melanopus,Coradion_melanopus_FishBase_Comel_u0.jpg,Coradion_melanopus_Bishop_726040623.jpg,yes,2026-02-05T12:25:18.782218,
Coradion melanopus,Coradion_melanopus_FishBase_Comel_u1.jpg,Coradion_melanopus_Bishop_-1537131019.jpg,yes,2026-02-05T12:25:19.644285,
Coradion melanopus,Coradion_melanopus_FishBase_Comel_u1.jpg,Coradion_melanopus_Bishop_1397670468.jpg,yes,2026-02-05T12:26:22.052557,
Coradion melanopus,Coradion_melanopus_FishBase_Comel_u0.jpg,Coradion_melanopus_Bishop_1537514406.jpg,no,2026-02-05T12:31:08.602877,
Coradion melanopus,Coradion_melanopus_FishBase_Comel_u2.jpg,Coradion_melanopus_Bishop_-1537131019.jpg,no,2026-02-05T12:31:09.810587,
Coradion melanopus,Coradion_melanopus_FishBase_Comel_u2.jpg,Coradion_melanopus_Bishop_1397670468.jpg,no,2026-02-05T12:32:18.144036,
Coradion melanopus,Coradion_melanopus_FishBase_Comel_u1.jpg,Coradion_melanopus_Bishop_1537514406.jpg,no,2026-02-05T12:36:35.306388,
Coradion melanopus,Coradion_melanopus_FishBase_Comel_u2.jpg,Coradion_melanopus_Bishop_726040623.jpg,no,2026-02-05T12:36:36.950929,
Forcipiger flavissimus,Forcipiger_flavissimus_FishBase_Fofla_u3.jpg,Forcipiger_flavissimus_Bishop_-1224605166.jpg,yes,2026-02-05T12:23:32.751209,
Forcipiger flavissimus,Forcipiger_flavissimus_FishBase_Fofla_u4.jpg,Forcipiger_flavissimus_Bishop_-1548318421.jpg,yes,2026-02-05T12:24:22.551663,
Forcipiger flavissimus,Forcipiger_flavissimus_FishBase_Fofla_u3.jpg,Forcipiger_flavissimus_Bishop_-1548318421.jpg,yes,2026-02-05T12:25:03.910700,
Forcipiger flavissimus,Forcipiger_flavissimus_FishBase_Fofla_u4.jpg,Forcipiger_flavissimus_Bishop_-1224605166.jpg,yes,2026-02-05T12:25:20.450474,
Forcipiger flavissimus,Forcipiger_flavissimus_FishBase_Fofla_u0.jpg,Forcipiger_flavissimus_Bishop_-1548318421.jpg,no,2026-02-05T12:35:38.450477,
Forcipiger flavissimus,Forcipiger_flavissimus_FishBase_Fofla_u0.jpg,Forcipiger_flavissimus_Bishop_-1224605166.jpg,no,2026-02-05T12:36:38.393320,
Forcipiger longirostris,Forcipiger_longirostris_FishBase_Folon_u2.jpg,Forcipiger_longirostris_Bishop_545316689.jpg,yes,2026-02-05T12:23:34.105361,
Forcipiger longirostris,Forcipiger_longirostris_FishBase_Folon_u0.jpg,Forcipiger_longirostris_Bishop_2048048784.jpg,yes,2026-02-05T12:24:35.873415,
Forcipiger longirostris,Forcipiger_longirostris_FishBase_Folon_u1.jpg,Forcipiger_longirostris_Bishop_2122975038.jpg,yes,2026-02-05T12:25:04.756730,
Hemitaurichthys multispinosus,Hemitaurichthys_multispinosus_FishBase_Hemul_u0.jpg,Hemitaurichthys_multispinosus_Bishop_1514469863.jpg,yes,2026-02-05T12:24:39.023646,
Hemitaurichthys polylepis,Hemitaurichthys_polylepis_FishBase_Hepol_u2.jpg,Hemitaurichthys_polylepis_Bishop_224753564.jpg,yes,2026-02-05T12:25:05.511187,
Hemitaurichthys zoster,Hemitaurichthys_zoster_FishBase_Hezos_u0.jpg,Hemitaurichthys_zoster_Bishop_1598828141.jpg,yes,2026-02-05T12:23:34.918187,
Heniochus acuminatus,Heniochus_acuminatus_FishBase_Heacu_u1.jpg,Heniochus_acuminatus_Bishop_1965411939.jpg,yes,2026-02-05T12:23:35.750830,
Heniochus acuminatus,Heniochus_acuminatus_FishBase_Heacu_u2.jpg,Heniochus_acuminatus_Bishop_2027043176.jpg,yes,2026-02-05T12:23:36.538951,
Heniochus acuminatus,Heniochus_acuminatus_FishBase_Heacu_u4.jpg,Heniochus_acuminatus_Bishop_1817843498.jpg,yes,2026-02-05T12:24:23.348440,
Heniochus acuminatus,Heniochus_acuminatus_FishBase_Heacu_u6.jpg,Heniochus_acuminatus_Bishop_2027043176.jpg,no,2026-02-05T12:37:46.782166,
Heniochus chrysostomus,Heniochus_chrysostomus_FishBase_Hechr_u0.jpg,Heniochus_chrysostomus_Bishop_1854375753.jpg,yes,2026-02-05T12:23:37.342826,
Heniochus diphreutes,Heniochus_diphreutes_FishBase_Hedip_u2.jpg,Heniochus_diphreutes_Bishop_1453219286.jpg,yes,2026-02-05T12:23:38.080348,
Heniochus diphreutes,Heniochus_diphreutes_FishBase_Hedip_u1.jpg,Heniochus_diphreutes_Bishop_1453219286.jpg,no,2026-02-05T12:37:48.198670,
Heniochus intermedius,Heniochus_intermedius_FishBase_Heint_u1.jpg,Heniochus_intermedius_Bishop_-20578450.jpg,yes,2026-02-05T12:23:38.825713,
Heniochus monoceros,Heniochus_monoceros_FishBase_Hemon_u2.jpg,Heniochus_monoceros_Bishop_1235534495.jpg,yes,2026-02-05T12:23:39.585618,
Heniochus monoceros,Heniochus_monoceros_FishBase_Hemon_u3.jpg,Heniochus_monoceros_Bishop_-980348940.jpg,yes,2026-02-05T12:23:40.280566,
Heniochus monoceros,Heniochus_monoceros_FishBase_Hemon_u4.jpg,Heniochus_monoceros_Bishop_1205143013.jpg,yes,2026-02-05T12:23:41.013864,
Heniochus monoceros,Heniochus_monoceros_FishBase_Hemon_u2.jpg,Heniochus_monoceros_Bishop_1205143013.jpg,no,2026-02-05T12:28:11.570934,
Heniochus monoceros,Heniochus_monoceros_FishBase_Hemon_u4.jpg,Heniochus_monoceros_Bishop_1235534495.jpg,no,2026-02-05T12:29:23.988142,
Heniochus monoceros,Heniochus_monoceros_FishBase_Hemon_u1.jpg,Heniochus_monoceros_Bishop_1205143013.jpg,no,2026-02-05T12:32:19.603006,
Heniochus monoceros,Heniochus_monoceros_FishBase_Hemon_u1.jpg,Heniochus_monoceros_Bishop_1235534495.jpg,no,2026-02-05T12:36:39.846889,
Heniochus pleurotaenia,Heniochus_pleurotaenia_FishBase_Heple_u0.jpg,Heniochus_pleurotaenia_Bishop_-1006778558.jpg,yes,2026-02-05T12:23:41.802059,
Heniochus singularius,Heniochus_singularius_FishBase_Hesin_u1.jpg,Heniochus_singularius_Bishop_1959970624.jpg,yes,2026-02-05T12:23:42.497299,
Heniochus singularius,Heniochus_singularius_FishBase_Hesin_u3.jpg,Heniochus_singularius_Bishop_2065781403.jpg,yes,2026-02-05T12:23:43.230982,
Heniochus varius,Heniochus_varius_FishBase_Hevar_u2.jpg,Heniochus_varius_Bishop_2014348865.jpg,yes,2026-02-05T12:24:24.255912,
Parachaetodon ocellatus,Parachaetodon_ocellatus_FishBase_Paoce_u2.jpg,Parachaetodon_ocellatus_Bishop_-154342580.jpg,yes,2026-02-05T12:24:40.435800,
Parachaetodon ocellatus,Parachaetodon_ocellatus_FishBase_Paoce_u3.jpg,Parachaetodon_ocellatus_Bishop_-506807721.jpg,yes,2026-02-05T12:25:06.293787,
Parachaetodon ocellatus,Parachaetodon_ocellatus_FishBase_Paoce_j0.jpg,Parachaetodon_ocellatus_Bishop_-731143075.jpg,yes,2026-02-05T12:29:35.172411,
Parachaetodon ocellatus,Parachaetodon_ocellatus_FishBase_Paoce_u2.jpg,Parachaetodon_ocellatus_Bishop_-506807721.jpg,no,2026-02-05T12:36:41.739276,
Parachaetodon ocellatus,Parachaetodon_ocellatus_FishBase_Paoce_u3.jpg,Parachaetodon_ocellatus_Bishop_-154342580.jpg,no,2026-02-05T12:37:23.976923,
