species,fishbase_file,bishop_file,phash_distance,dhash_distance,min_distance,confidence
Amphichaetodon howensis,Amphichaetodon_howensis_FishBase_Amhow_u3.jpg,Amphichaetodon_howensis_Bishop_-369771762.jpg,1,0,0,high
Amphichaetodon howensis,Amphichaetodon_howensis_FishBase_Amhow_u2.jpg,Amphichaetodon_howensis_Bishop_-1464681654.jpg,0,1,0,high
Amphichaetodon melbae,Amphichaetodon_melbae_FishBase_Ammel_u0.jpg,Amphichaetodon_melbae_Bishop_-1115161976.jpg,0,3,0,high
Chaetodon adiergastos,Chaetodon_adiergastos_FishBase_Chadi_u1.jpg,Chaetodon_adiergastos_Bishop_1979529705.jpg,0,2,0,high
Chaetodon aureofasciatus,Chaetodon_aureofasciatus_FishBase_Chaur_u1.jpg,Chaetodon_aureofasciatus_Bishop_1459626629.jpg,0,5,0,high
Chaetodon auriga,Chaetodon_auriga_FishBase_Chaur_u7.jpg,Chaetodon_auriga_Bishop_415255648.jpg,0,4,0,high
Chaetodon bennetti,Chaetodon_bennetti_FishBase_Chben_u1.jpg,Chaetodon_bennetti_Bishop_-2064196433.jpg,0,4,0,high
Chaetodon blackburnii,Chaetodon_blackburnii_FishBase_Chbla_u0.jpg,Chaetodon_blackburnii_Bishop_300609141.jpg,0,1,0,high
Chaetodon blackburnii,Chaetodon_blackburnii_FishBase_Chbla_f0.jpg,Chaetodon_blackburnii_Bishop_-410407509.jpg,0,2,0,high
Chaetodon blackburnii,Chaetodon_blackburnii_FishBase_Chbla_u1.jpg,Chaetodon_blackburnii_Bishop_1288243346.jpg,0,5,0,high
Chaetodon citrinellus,Chaetodon_citrinellus_FishBase_Chcit_u5.jpg,Chaetodon_citrinellus_Bishop_-1937929700.jpg,0,4,0,high
Chaetodon collare,Chaetodon_collare_FishBase_Chcol_u2.jpg,Chaetodon_collare_Bishop_1403678122.jpg,0,3,0,high
Chaetodon decussatus,Chaetodon_decussatus_FishBase_Chdec_u4.jpg,Chaetodon_decussatus_Bishop_527122207.jpg,0,3,0,high
Chaetodon fasciatus,Chaetodon_fasciatus_FishBase_Chfas_u6.jpg,Chaetodon_fasciatus_Bishop_-1886056978.jpg,2,0,0,high
Chaetodon flavirostris,Chaetodon_flavirostris_FishBase_Chfla_u3.jpg,Chaetodon_flavirostris_Bishop_1864146380.jpg,0,1,0,high
Chaetodon fremblii,Chaetodon_fremblii_FishBase_Chfre_u1.jpg,Chaetodon_fremblii_Bishop_5130835.jpg,0,5,0,high
Chaetodon larvatus,Chaetodon_larvatus_FishBase_Chlar_u1.jpg,Chaetodon_larvatus_Bishop_1783626891.jpg,0,3,0,high
Chaetodon leucopleura,Chaetodon_leucopleura_FishBase_Chleu_u5.jpg,Chaetodon_leucopleura_Bishop_951338608.jpg,0,29,0,high
Chaetodon lineolatus,Chaetodon_lineolatus_FishBase_Chlin_u5.jpg,Chaetodon_lineolatus_Bishop_1821004318.jpg,0,5,0,high
Chaetodon litus,Chaetodon_litus_FishBase_Chlit_u0.jpg,Chaetodon_litus_Bishop_1983788749.jpg,0,1,0,high
Chaetodon melannotus,Chaetodon_melannotus_FishBase_Chmel_u4.jpg,Chaetodon_melannotus_Bishop_403079329.jpg,0,3,0,high
Chaetodon melannotus,Chaetodon_melannotus_FishBase_Chmel_u6.jpg,Chaetodon_melannotus_Bishop_-1689715678.jpg,0,8,0,high
Chaetodon mertensii,Chaetodon_mertensii_FishBase_Chmer_u3.jpg,Chaetodon_mertensii_Bishop_2125964090.jpg,3,0,0,high
Chaetodon mertensii,Chaetodon_mertensii_FishBase_Chmer_u4.jpg,Chaetodon_mertensii_Bishop_992543933.jpg,0,4,0,high
Chaetodon meyeri,Chaetodon_meyeri_FishBase_Chmey_u0.jpg,Chaetodon_meyeri_Bishop_-146742631.jpg,0,7,0,high
Chaetodon multicinctus,Chaetodon_multicinctus_FishBase_Chmul_u2.jpg,Chaetodon_multicinctus_Bishop_-1145166510.jpg,0,7,0,high
Chaetodon multicinctus,Chaetodon_multicinctus_FishBase_Chmul_u3.jpg,Chaetodon_multicinctus_Bishop_-1285212619.jpg,0,2,0,high
Chaetodon nigropunctatus,Chaetodon_nigropunctatus_FishBase_Chnig_u2.jpg,Chaetodon_nigropunctatus_Bishop_1435538384.jpg,0,9,0,high
Chaetodon nigropunctatus,Chaetodon_nigropunctatus_FishBase_Chnig_u4.jpg,Chaetodon_nigropunctatus_Bishop_276052843.jpg,0,4,0,high
Chaetodon nippon,Chaetodon_nippon_FishBase_Chnip_u1.jpg,Chaetodon_nippon_Bishop_-751379567.jpg,0,1,0,high
Chaetodon ornatissimus,Chaetodon_ornatissimus_FishBase_Chorn_u3.jpg,Chaetodon_ornatissimus_Bishop_164962524.jpg,0,3,0,high
Chaetodon pelewensis,Chaetodon_pelewensis_FishBase_Chpel_u1.jpg,Chaetodon_pelewensis_Bishop_-460781405.jpg,0,3,0,high
Chaetodon semeion,Chaetodon_semeion_FishBase_Chsem_u0.jpg,Chaetodon_semeion_Bishop_238560942.jpg,0,3,0,high
Chaetodon trichrous,Chaetodon_trichrous_FishBase_Chtri_ud.jpg,Chaetodon_trichrous_Bishop_-192591132.jpg,0,7,0,high
Chaetodon unimaculatus,Chaetodon_unimaculatus_FishBase_Chuni_u1.jpg,Chaetodon_unimaculatus_Bishop_-538563321.jpg,0,3,0,high
Chelmon muelleri,Chelmon_muelleri_FishBase_Chmue_u2.jpg,Chelmon_muelleri_Bishop_1919363298.jpg,0,2,0,high
Chelmon muelleri,Chelmon_muelleri_FishBase_Chmue_u1.jpg,Chelmon_muelleri_Bishop_425540539.jpg,2,0,0,high
Chelmon rostratus,Chelmon_rostratus_FishBase_Chros_u4.jpg,Chelmon_rostratus_Bishop_-1060273696.jpg,0,2,0,high
Coradion altivelis,Coradion_altivelis_FishBase_Coalt_u0.jpg,Coradion_altivelis_Bishop_-1400875907.jpg,0,1,0,high
Coradion chrysozonus,Coradion_chrysozonus_FishBase_Cochr_u5.jpg,Coradion_chrysozonus_Bishop_213329914.jpg,0,5,0,high
Coradion melanopus,Coradion_melanopus_FishBase_Comel_u0.jpg,Coradion_melanopus_Bishop_-1537131019.jpg,0,2,0,high
Coradion melanopus,Coradion_melanopus_FishBase_Comel_u1.jpg,Coradion_melanopus_Bishop_726040623.jpg,0,2,0,high
Coradion melanopus,Coradion_melanopus_FishBase_Comel_u2.jpg,Coradion_melanopus_Bishop_1537514406.jpg,0,0,0,high
Forcipiger flavissimus,Forcipiger_flavissimus_FishBase_Fofla_u3.jpg,Forcipiger_flavissimus_Bishop_-1224605166.jpg,0,6,0,high
Forcipiger longirostris,Forcipiger_longirostris_FishBase_Folon_u2.jpg,Forcipiger_longirostris_Bishop_545316689.jpg,0,0,0,high
Hemitaurichthys zoster,Hemitaurichthys_zoster_FishBase_Hezos_u0.jpg,Hemitaurichthys_zoster_Bishop_1598828141.jpg,0,0,0,high
Heniochus acuminatus,Heniochus_acuminatus_FishBase_Heacu_u1.jpg,Heniochus_acuminatus_Bishop_1965411939.jpg,0,3,0,high
Heniochus acuminatus,Heniochus_acuminatus_FishBase_Heacu_u2.jpg,Heniochus_acuminatus_Bishop_2027043176.jpg,0,7,0,high
Heniochus chrysostomus,Heniochus_chrysostomus_FishBase_Hechr_u0.jpg,Heniochus_chrysostomus_Bishop_1854375753.jpg,0,0,0,high
Heniochus diphreutes,Heniochus_diphreutes_FishBase_Hedip_u2.jpg,Heniochus_diphreutes_Bishop_1453219286.jpg,0,5,0,high
Heniochus intermedius,Heniochus_intermedius_FishBase_Heint_u1.jpg,Heniochus_intermedius_Bishop_-20578450.jpg,0,6,0,high
Heniochus monoceros,Heniochus_monoceros_FishBase_Hemon_u2.jpg,Heniochus_monoceros_Bishop_1235534495.jpg,0,1,0,high
Heniochus monoceros,Heniochus_monoceros_FishBase_Hemon_u3.jpg,Heniochus_monoceros_Bishop_-980348940.jpg,0,5,0,high
Heniochus monoceros,Heniochus_monoceros_FishBase_Hemon_u4.jpg,Heniochus_monoceros_Bishop_1205143013.jpg,1,0,0,high
Heniochus pleurotaenia,Heniochus_pleurotaenia_FishBase_Heple_u0.jpg,Heniochus_pleurotaenia_Bishop_-1006778558.jpg,0,2,0,high
Heniochus singularius,Heniochus_singularius_FishBase_Hesin_u1.jpg,Heniochus_singularius_Bishop_1959970624.jpg,0,1,0,high
Heniochus singularius,Heniochus_singularius_FishBase_Hesin_u3.jpg,Heniochus_singularius_Bishop_2065781403.jpg,0,2,0,high
Chaetodon argentatus,Chaetodon_argentatus_FishBase_Charg_u2.jpg,Chaetodon_argentatus_Bishop_1074668308.jpg,1,4,1,high
Chaetodon auriga,Chaetodon_auriga_FishBase_Chaur_u6.jpg,Chaetodon_auriga_Bishop_1449897185.jpg,1,6,1,high
Chaetodon austriacus,Chaetodon_austriacus_FishBase_Chaus_u1.jpg,Chaetodon_austriacus_Bishop_-1737564550.jpg,1,4,1,high
Chaetodon baronessa,Chaetodon_baronessa_FishBase_Chbar_u3.jpg,Chaetodon_baronessa_Bishop_1152880952.jpg,1,3,1,high
Chaetodon bennetti,Chaetodon_bennetti_FishBase_Chben_u2.jpg,Chaetodon_bennetti_Bishop_711591108.jpg,1,7,1,high
Chaetodon citrinellus,Chaetodon_citrinellus_FishBase_Chcit_u2.jpg,Chaetodon_citrinellus_Bishop_520787921.jpg,1,2,1,high
Chaetodon collare,Chaetodon_collare_FishBase_Chcol_u3.jpg,Chaetodon_collare_Bishop_1999007469.jpg,1,3,1,high
Chaetodon dialeucos,Chaetodon_dialeucos_FishBase_Chdia_u0.jpg,Chaetodon_dialeucos_Bishop_1297085044.jpg,1,3,1,high
Chaetodon dolosus,Chaetodon_dolosus_FishBase_Chdol_u1.jpg,Chaetodon_dolosus_Bishop_-1008609691.jpg,1,2,1,high
Chaetodon ephippium,Chaetodon_ephippium_FishBase_Cheph_u5.jpg,Chaetodon_ephippium_Bishop_-1248760382.jpg,1,1,1,high
Chaetodon falcula,Chaetodon_falcula_FishBase_Chfal_u1.jpg,Chaetodon_falcula_Bishop_1821335233.jpg,1,5,1,high
Chaetodon fasciatus,Chaetodon_fasciatus_FishBase_Chfas_u1.jpg,Chaetodon_fasciatus_Bishop_2100774615.jpg,1,3,1,high
Chaetodon flavocoronatus,Chaetodon_flavocoronatus_FishBase_Chfla_u5.jpg,Chaetodon_flavocoronatus_Bishop_-1261632291.jpg,1,7,1,high
Chaetodon gardineri,Chaetodon_gardineri_FishBase_Chgar_u1.jpg,Chaetodon_gardineri_Bishop_-1706450280.jpg,1,9,1,high
Chaetodon guentheri,Chaetodon_guentheri_FishBase_Chgue_u1.jpg,Chaetodon_guentheri_Bishop_-184146759.jpg,1,9,1,high
Chaetodon guttatissimus,Chaetodon_guttatissimus_FishBase_Chgut_u0.jpg,Chaetodon_guttatissimus_Bishop_-1623433841.jpg,1,13,1,high
Chaetodon lineolatus,Chaetodon_lineolatus_FishBase_Chlin_u2.jpg,Chaetodon_lineolatus_Bishop_1526268337.jpg,1,6,1,high
Chaetodon lineolatus,Chaetodon_lineolatus_FishBase_Chlin_u6.jpg,Chaetodon_lineolatus_Bishop_-879271097.jpg,1,6,1,high
Chaetodon lunulatus,Chaetodon_lunulatus_FishBase_Chlun_uc.jpg,Chaetodon_lunulatus_Bishop_1378116790.jpg,1,3,1,high
Chaetodon madagaskariensis,Chaetodon_madagaskariensis_FishBase_Chmad_u1.jpg,Chaetodon_madagaskariensis_Bishop_1210446292.jpg,1,5,1,high
Chaetodon marleyi,Chaetodon_marleyi_FishBase_Chmar_ua.jpg,Chaetodon_marleyi_Bishop_384825925.jpg,1,3,1,high
Chaetodon melapterus,Chaetodon_melapterus_FishBase_Chmel_u9.jpg,Chaetodon_melapterus_Bishop_690928567.jpg,2,1,1,high
Chaetodon melapterus,Chaetodon_melapterus_FishBase_Chmel_ua.jpg,Chaetodon_melapterus_Bishop_-738901426.jpg,1,1,1,high
Chaetodon mesoleucos,Chaetodon_mesoleucos_FishBase_Chmes_u0.jpg,Chaetodon_mesoleucos_Bishop_-899095560.jpg,1,2,1,high
Chaetodon miliaris,Chaetodon_miliaris_FishBase_Chmil_u1.jpg,Chaetodon_miliaris_Bishop_1720766063.jpg,1,6,1,high
Chaetodon mitratus,Chaetodon_mitratus_FishBase_Chmit_u1.jpg,Chaetodon_mitratus_Bishop_-777256060.jpg,2,1,1,high
Chaetodon octofasciatus,Chaetodon_octofasciatus_FishBase_Choct_u2.jpg,Chaetodon_octofasciatus_Bishop_1838436391.jpg,1,5,1,high
Chaetodon plebeius,Chaetodon_plebeius_FishBase_Chple_u3.jpg,Chaetodon_plebeius_Bishop_-243381367.jpg,1,5,1,high
Chaetodon plebeius,Chaetodon_plebeius_FishBase_Chple_u4.jpg,Chaetodon_plebeius_Bishop_-531604202.jpg,1,1,1,high
Chaetodon rainfordi,Chaetodon_rainfordi_FishBase_Chrai_u0.jpg,Chaetodon_rainfordi_Bishop_-805104421.jpg,1,3,1,high
Chaetodon tinkeri,Chaetodon_tinkeri_FishBase_Chtin_u0.jpg,Chaetodon_tinkeri_Bishop_-408146097.jpg,1,4,1,high
Chaetodon trifascialis,Chaetodon_trifascialis_FishBase_Chtri_u7.jpg,Chaetodon_trifascialis_Bishop_-500274613.jpg,1,3,1,high
Chaetodon trifasciatus,Chaetodon_trifasciatus_FishBase_Chtri_uc.jpg,Chaetodon_trifasciatus_Bishop_-781709008.jpg,1,8,1,high
Chaetodon wiebeli,Chaetodon_wiebeli_FishBase_Chwie_u1.jpg,Chaetodon_wiebeli_Bishop_532247427.jpg,1,2,1,high
Chaetodon xanthocephalus,Chaetodon_xanthocephalus_FishBase_Chxan_u5.jpg,Chaetodon_xanthocephalus_Bishop_-1021247480.jpg,1,1,1,high
Chelmon marginalis,Chelmon_marginalis_FishBase_Chmar_u2.jpg,Chelmon_marginalis_Bishop_24220165.jpg,1,1,1,high
Chelmon marginalis,Chelmon_marginalis_FishBase_Chmar_u5.jpg,Chelmon_marginalis_Bishop_-336691052.jpg,7,1,1,high
Chelmonops truncatus,Chelmonops_truncatus_FishBase_Chtru_u1.jpg,Chelmonops_truncatus_Bishop_-473926281.jpg,1,1,1,high
Coradion altivelis,Coradion_altivelis_FishBase_Coalt_u1.jpg,Coradion_altivelis_Bishop_1025347564.jpg,4,1,1,high
Coradion chrysozonus,Coradion_chrysozonus_FishBase_Cochr_u1.jpg,Coradion_chrysozonus_Bishop_-1821725095.jpg,1,6,1,high
Coradion chrysozonus,Coradion_chrysozonus_FishBase_Cochr_u4.jpg,Coradion_chrysozonus_Bishop_1721541363.jpg,1,3,1,high
Coradion melanopus,Coradion_melanopus_FishBase_Comel_u0.jpg,Coradion_melanopus_Bishop_1397670468.jpg,1,22,1,high
Forcipiger flavissimus,Forcipiger_flavissimus_FishBase_Fofla_u4.jpg,Forcipiger_flavissimus_Bishop_-1548318421.jpg,1,10,1,high
Heniochus acuminatus,Heniochus_acuminatus_FishBase_Heacu_u4.jpg,Heniochus_acuminatus_Bishop_1817843498.jpg,1,2,1,high
Heniochus varius,Heniochus_varius_FishBase_Hevar_u2.jpg,Heniochus_varius_Bishop_2014348865.jpg,1,7,1,high
Chaetodon auriga,Chaetodon_auriga_FishBase_Chaur_u9.jpg,Chaetodon_auriga_Bishop_1547714619.jpg,2,7,2,high
Chaetodon baronessa,Chaetodon_baronessa_FishBase_Chbar_u0.jpg,Chaetodon_baronessa_Bishop_-2122794458.jpg,2,8,2,high
Chaetodon baronessa,Chaetodon_baronessa_FishBase_Chbar_u1.jpg,Chaetodon_baronessa_Bishop_918345433.jpg,2,3,2,high
Chaetodon daedalma,Chaetodon_daedalma_FishBase_Chdae_u1.jpg,Chaetodon_daedalma_Bishop_1811677923.jpg,2,4,2,high
Chaetodon flavocoronatus,Chaetodon_flavocoronatus_FishBase_Chfla_u4.jpg,Chaetodon_flavocoronatus_Bishop_-1599575846.jpg,2,2,2,high
Chaetodon kleinii,Chaetodon_kleinii_FishBase_Chkle_u1.jpg,Chaetodon_kleinii_Bishop_-1577854379.jpg,5,2,2,high
Chaetodon kleinii,Chaetodon_kleinii_FishBase_Chkle_u4.jpg,Chaetodon_kleinii_Bishop_977649394.jpg,4,2,2,high
Chaetodon lunula,Chaetodon_lunula_FishBase_Chlun_u7.jpg,Chaetodon_lunula_Bishop_-530805309.jpg,2,7,2,high
Chaetodon miliaris,Chaetodon_miliaris_FishBase_Chmil_u2.jpg,Chaetodon_miliaris_Bishop_725437158.jpg,4,2,2,high
Chaetodon ocellicaudus,Chaetodon_ocellicaudus_FishBase_Choce_u4.jpg,Chaetodon_ocellicaudus_Bishop_958979710.jpg,2,5,2,high
Chaetodon punctatofasciatus,Chaetodon_punctatofasciatus_FishBase_Chpun_u3.jpg,Chaetodon_punctatofasciatus_Bishop_1458053428.jpg,3,2,2,high
Chaetodon smithi,Chaetodon_smithi_FishBase_Chsmi_u1.jpg,Chaetodon_smithi_Bishop_-608924262.jpg,2,12,2,high
Chaetodon trifascialis,Chaetodon_trifascialis_FishBase_Chtri_u4.jpg,Chaetodon_trifascialis_Bishop_-1790297166.jpg,2,3,2,high
Chaetodon ulietensis,Chaetodon_ulietensis_FishBase_Chuli_u1.jpg,Chaetodon_ulietensis_Bishop_-201975074.jpg,2,5,2,high
Forcipiger longirostris,Forcipiger_longirostris_FishBase_Folon_u0.jpg,Forcipiger_longirostris_Bishop_2048048784.jpg,2,3,2,high
Hemitaurichthys multispinosus,Hemitaurichthys_multispinosus_FishBase_Hemul_u0.jpg,Hemitaurichthys_multispinosus_Bishop_1514469863.jpg,2,2,2,high
Parachaetodon ocellatus,Parachaetodon_ocellatus_FishBase_Paoce_u2.jpg,Parachaetodon_ocellatus_Bishop_-154342580.jpg,2,8,2,high
Amphichaetodon howensis,Amphichaetodon_howensis_FishBase_Amhow_u1.jpg,Amphichaetodon_howensis_Bishop_472868867.jpg,3,19,3,high
Chaetodon argentatus,Chaetodon_argentatus_FishBase_Charg_u1.jpg,Chaetodon_argentatus_Bishop_1101542975.jpg,3,14,3,high
Chaetodon citrinellus,Chaetodon_citrinellus_FishBase_Chcit_u1.jpg,Chaetodon_citrinellus_Bishop_-1191499504.jpg,6,3,3,high
Chaetodon citrinellus,Chaetodon_citrinellus_FishBase_Chcit_u3.jpg,Chaetodon_citrinellus_Bishop_-1736280642.jpg,3,6,3,high
Chaetodon declivis,Chaetodon_declivis_FishBase_Chdec_u2.jpg,Chaetodon_declivis_Bishop_-274435096.jpg,3,9,3,high
Chaetodon declivis,Chaetodon_declivis_FishBase_Chdec_u1.jpg,Chaetodon_declivis_Bishop_-405463978.jpg,3,9,3,high
Chaetodon kleinii,Chaetodon_kleinii_FishBase_Chkle_u2.jpg,Chaetodon_kleinii_Bishop_308997156.jpg,3,4,3,high
Chaetodon lunula,Chaetodon_lunula_FishBase_Chlun_u8.jpg,Chaetodon_lunula_Bishop_2036473160.jpg,3,11,3,high
Chaetodon lunulatus,Chaetodon_lunulatus_FishBase_Chlun_ub.jpg,Chaetodon_lunulatus_Bishop_1113667583.jpg,3,15,3,high
Chaetodon melannotus,Chaetodon_melannotus_FishBase_Chmel_u8.jpg,Chaetodon_melannotus_Bishop_-1381464288.jpg,3,32,3,high
Chaetodon paucifasciatus,Chaetodon_paucifasciatus_FishBase_Chpau_u1.jpg,Chaetodon_paucifasciatus_Bishop_-1576082838.jpg,3,5,3,high
Chaetodon reticulatus,Chaetodon_reticulatus_FishBase_Chret_u4.jpg,Chaetodon_reticulatus_Bishop_-2063111040.jpg,3,4,3,high
Chaetodon semeion,Chaetodon_semeion_FishBase_Chsem_u3.jpg,Chaetodon_semeion_Bishop_-1205919593.jpg,3,6,3,high
Chaetodon smithi,Chaetodon_smithi_FishBase_Chsmi_u0.jpg,Chaetodon_smithi_Bishop_-756583267.jpg,3,4,3,high
Chaetodon ulietensis,Chaetodon_ulietensis_FishBase_Chuli_u2.jpg,Chaetodon_ulietensis_Bishop_-1430510223.jpg,3,21,3,high
Forcipiger flavissimus,Forcipiger_flavissimus_FishBase_Fofla_u3.jpg,Forcipiger_flavissimus_Bishop_-1548318421.jpg,3,56,3,high
Forcipiger longirostris,Forcipiger_longirostris_FishBase_Folon_u1.jpg,Forcipiger_longirostris_Bishop_2122975038.jpg,3,10,3,high
Hemitaurichthys polylepis,Hemitaurichthys_polylepis_FishBase_Hepol_u2.jpg,Hemitaurichthys_polylepis_Bishop_224753564.jpg,3,6,3,high
Parachaetodon ocellatus,Parachaetodon_ocellatus_FishBase_Paoce_u3.jpg,Parachaetodon_ocellatus_Bishop_-506807721.jpg,3,3,3,high
Chaetodon auriga,Chaetodon_auriga_FishBase_Chaur_ua.jpg,Chaetodon_auriga_Bishop_1988149751.jpg,4,33,4,high
Chaetodon blackburnii,Chaetodon_blackburnii_FishBase_Chbla_u0.jpg,Chaetodon_blackburnii_Bishop_-410407509.jpg,4,36,4,high
Chaetodon blackburnii,Chaetodon_blackburnii_FishBase_Chbla_f0.jpg,Chaetodon_blackburnii_Bishop_300609141.jpg,4,37,4,high
Chaetodon declivis,Chaetodon_declivis_FishBase_Chdec_u3.jpg,Chaetodon_declivis_Bishop_1376440265.jpg,4,9,4,high
Chaetodon ephippium,Chaetodon_ephippium_FishBase_Cheph_u3.jpg,Chaetodon_ephippium_Bishop_-1179871461.jpg,4,7,4,high
Chaetodon lunula,Chaetodon_lunula_FishBase_Chlun_u6.jpg,Chaetodon_lunula_Bishop_543936522.jpg,4,7,4,high
Chaetodon ornatissimus,Chaetodon_ornatissimus_FishBase_Chorn_u2.jpg,Chaetodon_ornatissimus_Bishop_553414317.jpg,5,4,4,high
Chaetodon semeion,Chaetodon_semeion_FishBase_Chsem_u3.jpg,Chaetodon_semeion_Bishop_238560942.jpg,4,74,4,high
Chaetodon xanthurus,Chaetodon_xanthurus_FishBase_Chxan_u6.jpg,Chaetodon_xanthurus_Bishop_-858508951.jpg,4,32,4,high
Coradion chrysozonus,Coradion_chrysozonus_FishBase_Cochr_u3.jpg,Coradion_chrysozonus_Bishop_28243640.jpg,4,15,4,high
Coradion melanopus,Coradion_melanopus_FishBase_Comel_u0.jpg,Coradion_melanopus_Bishop_726040623.jpg,4,46,4,high
Coradion melanopus,Coradion_melanopus_FishBase_Comel_u1.jpg,Coradion_melanopus_Bishop_-1537131019.jpg,4,46,4,high
Forcipiger flavissimus,Forcipiger_flavissimus_FishBase_Fofla_u4.jpg,Forcipiger_flavissimus_Bishop_-1224605166.jpg,4,52,4,high
Chaetodon auriga,Chaetodon_auriga_FishBase_Chaur_u5.jpg,Chaetodon_auriga_Bishop_-2122348146.jpg,5,6,5,high
Chaetodon auriga,Chaetodon_auriga_FishBase_Chaur_u8.jpg,Chaetodon_auriga_Bishop_-2122348146.jpg,5,52,5,high
Chaetodon auriga,Chaetodon_auriga_FishBase_Chaur_ua.jpg,Chaetodon_auriga_Bishop_843681634.jpg,5,78,5,high
Chaetodon baronessa,Chaetodon_baronessa_FishBase_Chbar_u4.jpg,Chaetodon_baronessa_Bishop_601798515.jpg,5,7,5,high
Chaetodon flavocoronatus,Chaetodon_flavocoronatus_FishBase_Chfla_u5.jpg,Chaetodon_flavocoronatus_Bishop_-1599575846.jpg,5,48,5,high
Chaetodon semilarvatus,Chaetodon_semilarvatus_FishBase_Chsem_u2.jpg,Chaetodon_semilarvatus_Bishop_-947886964.jpg,6,5,5,high
Chaetodon tinkeri,Chaetodon_tinkeri_FishBase_Chtin_u1.jpg,Chaetodon_tinkeri_Bishop_-1989865351.jpg,5,9,5,high
Chaetodon ulietensis,Chaetodon_ulietensis_FishBase_Chuli_u1.jpg,Chaetodon_ulietensis_Bishop_-1430510223.jpg,5,66,5,high
Chelmon rostratus,Chelmon_rostratus_FishBase_Chros_u5.jpg,Chelmon_rostratus_Bishop_-1630595999.jpg,5,9,5,high
Coradion melanopus,Coradion_melanopus_FishBase_Comel_u1.jpg,Coradion_melanopus_Bishop_1397670468.jpg,5,46,5,high
Chaetodon auripes,Chaetodon_auripes_FishBase_Chaur_uc.jpg,Chaetodon_auripes_Bishop_1839596140.jpg,6,38,6,medium
Chaetodon melannotus,Chaetodon_melannotus_FishBase_Chmel_u7.jpg,Chaetodon_melannotus_Bishop_-1126507013.jpg,6,25,6,medium
Chaetodon mertensii,Chaetodon_mertensii_FishBase_Chmer_u4.jpg,Chaetodon_mertensii_Bishop_-727881428.jpg,6,67,6,medium
Chaetodon plebeius,Chaetodon_plebeius_FishBase_Chple_u5.jpg,Chaetodon_plebeius_Bishop_-243381367.jpg,6,70,6,medium
Chaetodon smithi,Chaetodon_smithi_FishBase_Chsmi_u3.jpg,Chaetodon_smithi_Bishop_-1166721005.jpg,6,13,6,medium
Chelmon rostratus,Chelmon_rostratus_FishBase_Chros_u4.jpg,Chelmon_rostratus_Bishop_-1630595999.jpg,6,46,6,medium
Chaetodon citrinellus,Chaetodon_citrinellus_FishBase_Chcit_u4.jpg,Chaetodon_citrinellus_Bishop_1043818087.jpg,7,7,7,medium
Chaetodon semeion,Chaetodon_semeion_FishBase_Chsem_u0.jpg,Chaetodon_semeion_Bishop_-1205919593.jpg,7,71,7,medium
Chaetodon smithi,Chaetodon_smithi_FishBase_Chsmi_u0.jpg,Chaetodon_smithi_Bishop_-608924262.jpg,7,56,7,medium
Chaetodon tricinctus,Chaetodon_tricinctus_FishBase_Chtri_u5.jpg,Chaetodon_tricinctus_Bishop_28770837.jpg,7,50,7,medium
Chelmon rostratus,Chelmon_rostratus_FishBase_Chros_u5.jpg,Chelmon_rostratus_Bishop_-1060273696.jpg,7,49,7,medium
Heniochus monoceros,Heniochus_monoceros_FishBase_Hemon_u2.jpg,Heniochus_monoceros_Bishop_1205143013.jpg,7,56,7,medium
Chaetodon flavocoronatus,Chaetodon_flavocoronatus_FishBase_Chfla_u4.jpg,Chaetodon_flavocoronatus_Bishop_-1261632291.jpg,8,51,8,medium
Chaetodon lunula,Chaetodon_lunula_FishBase_Chlun_u8.jpg,Chaetodon_lunula_Bishop_-530805309.jpg,8,53,8,medium
Chaetodon melannotus,Chaetodon_melannotus_FishBase_Chmel_u7.jpg,Chaetodon_melannotus_Bishop_-1689715678.jpg,8,60,8,medium
Chaetodon mertensii,Chaetodon_mertensii_FishBase_Chmer_u4.jpg,Chaetodon_mertensii_Bishop_2125964090.jpg,8,59,8,medium
Chaetodon plebeius,Chaetodon_plebeius_FishBase_Chple_u5.jpg,Chaetodon_plebeius_Bishop_-113106721.jpg,8,57,8,medium
Chaetodon rafflesii,Chaetodon_rafflesii_FishBase_Chraf_u3.jpg,Chaetodon_rafflesii_Bishop_-779601278.jpg,8,37,8,medium
Chaetodon smithi,Chaetodon_smithi_FishBase_Chsmi_u0.jpg,Chaetodon_smithi_Bishop_-1166721005.jpg,8,54,8,medium
Chaetodon ulietensis,Chaetodon_ulietensis_FishBase_Chuli_u2.jpg,Chaetodon_ulietensis_Bishop_-201975074.jpg,8,60,8,medium
Chelmon marginalis,Chelmon_marginalis_FishBase_Chmar_u4.jpg,Chelmon_marginalis_Bishop_-1899628097.jpg,8,47,8,medium
Heniochus monoceros,Heniochus_monoceros_FishBase_Hemon_u4.jpg,Heniochus_monoceros_Bishop_1235534495.jpg,8,57,8,medium
Parachaetodon ocellatus,Parachaetodon_ocellatus_FishBase_Paoce_j0.jpg,Parachaetodon_ocellatus_Bishop_-731143075.jpg,8,47,8,medium
Chaetodon auriga,Chaetodon_auriga_FishBase_Chaur_ua.jpg,Chaetodon_auriga_Bishop_415255648.jpg,9,96,9,medium
Chaetodon auripes,Chaetodon_auripes_FishBase_Chaur_ub.jpg,Chaetodon_auripes_Bishop_-346327811.jpg,9,37,9,medium
Chaetodon blackburnii,Chaetodon_blackburnii_FishBase_Chbla_f0.jpg,Chaetodon_blackburnii_Bishop_1288243346.jpg,9,71,9,medium
Chaetodon blackburnii,Chaetodon_blackburnii_FishBase_Chbla_u1.jpg,Chaetodon_blackburnii_Bishop_-410407509.jpg,9,68,9,medium
Chaetodon lunula,Chaetodon_lunula_FishBase_Chlun_u7.jpg,Chaetodon_lunula_Bishop_2036473160.jpg,9,51,9,medium
Chaetodon melapterus,Chaetodon_melapterus_FishBase_Chmel_u2.jpg,Chaetodon_melapterus_Bishop_-738901426.jpg,9,86,9,medium
Chaetodon mertensii,Chaetodon_mertensii_FishBase_Chmer_u2.jpg,Chaetodon_mertensii_Bishop_1869466931.jpg,9,34,9,medium
Chaetodon mertensii,Chaetodon_mertensii_FishBase_Chmer_u3.jpg,Chaetodon_mertensii_Bishop_992543933.jpg,9,57,9,medium
Chaetodon plebeius,Chaetodon_plebeius_FishBase_Chple_u3.jpg,Chaetodon_plebeius_Bishop_-113106721.jpg,9,82,9,medium
Chaetodon xanthurus,Chaetodon_xanthurus_FishBase_Chxan_u7.jpg,Chaetodon_xanthurus_Bishop_-858508951.jpg,9,78,9,medium
Coradion melanopus,Coradion_melanopus_FishBase_Comel_u0.jpg,Coradion_melanopus_Bishop_1537514406.jpg,9,53,9,medium
Coradion melanopus,Coradion_melanopus_FishBase_Comel_u2.jpg,Coradion_melanopus_Bishop_-1537131019.jpg,9,53,9,medium
Chaetodon auriga,Chaetodon_auriga_FishBase_Chaur_u5.jpg,Chaetodon_auriga_Bishop_843681634.jpg,10,54,10,medium
Chaetodon auriga,Chaetodon_auriga_FishBase_Chaur_u7.jpg,Chaetodon_auriga_Bishop_843681634.jpg,10,94,10,medium
Chaetodon baronessa,Chaetodon_baronessa_FishBase_Chbar_u3.jpg,Chaetodon_baronessa_Bishop_-2122794458.jpg,10,38,10,medium
Chaetodon baronessa,Chaetodon_baronessa_FishBase_Chbar_u3.jpg,Chaetodon_baronessa_Bishop_918345433.jpg,10,60,10,medium
Chaetodon citrinellus,Chaetodon_citrinellus_FishBase_Chcit_u2.jpg,Chaetodon_citrinellus_Bishop_1043818087.jpg,10,72,10,medium
Chaetodon citrinellus,Chaetodon_citrinellus_FishBase_Chcit_u4.jpg,Chaetodon_citrinellus_Bishop_520787921.jpg,10,73,10,medium
Chaetodon guttatissimus,Chaetodon_guttatissimus_FishBase_Chgut_u1.jpg,Chaetodon_guttatissimus_Bishop_-397235578.jpg,10,45,10,medium
Chaetodon smithi,Chaetodon_smithi_FishBase_Chsmi_u1.jpg,Chaetodon_smithi_Bishop_-756583267.jpg,10,54,10,medium
Coradion melanopus,Coradion_melanopus_FishBase_Comel_u2.jpg,Coradion_melanopus_Bishop_1397670468.jpg,10,43,10,medium
Heniochus monoceros,Heniochus_monoceros_FishBase_Hemon_u1.jpg,Heniochus_monoceros_Bishop_1205143013.jpg,10,83,10,medium
Chaetodon auriga,Chaetodon_auriga_FishBase_Chaur_ul.jpg,Chaetodon_auriga_Bishop_1449897185.jpg,11,99,11,medium
Chaetodon auripes,Chaetodon_auripes_FishBase_Chaur_uo.jpg,Chaetodon_auripes_Bishop_1839596140.jpg,11,79,11,medium
Chaetodon baronessa,Chaetodon_baronessa_FishBase_Chbar_u0.jpg,Chaetodon_baronessa_Bishop_1152880952.jpg,11,37,11,medium
Chaetodon baronessa,Chaetodon_baronessa_FishBase_Chbar_u1.jpg,Chaetodon_baronessa_Bishop_1152880952.jpg,11,56,11,medium
Chaetodon baronessa,Chaetodon_baronessa_FishBase_Chbar_u4.jpg,Chaetodon_baronessa_Bishop_1152880952.jpg,11,40,11,medium
Chaetodon blackburnii,Chaetodon_blackburnii_FishBase_Chbla_u0.jpg,Chaetodon_blackburnii_Bishop_1288243346.jpg,11,79,11,medium
Chaetodon blackburnii,Chaetodon_blackburnii_FishBase_Chbla_u1.jpg,Chaetodon_blackburnii_Bishop_300609141.jpg,11,73,11,medium
Chaetodon lunula,Chaetodon_lunula_FishBase_Chlun_j0.jpg,Chaetodon_lunula_Bishop_1720571305.jpg,11,41,11,medium
Chaetodon melannotus,Chaetodon_melannotus_FishBase_Chmel_u7.jpg,Chaetodon_melannotus_Bishop_-1381464288.jpg,11,74,11,medium
Chaetodon melapterus,Chaetodon_melapterus_FishBase_Chmel_ua.jpg,Chaetodon_melapterus_Bishop_690928567.jpg,11,77,11,medium
Chaetodon mertensii,Chaetodon_mertensii_FishBase_Chmer_u2.jpg,Chaetodon_mertensii_Bishop_-727881428.jpg,11,74,11,medium
Chaetodon mertensii,Chaetodon_mertensii_FishBase_Chmer_u2.jpg,Chaetodon_mertensii_Bishop_992543933.jpg,11,61,11,medium
Chaetodon smithi,Chaetodon_smithi_FishBase_Chsmi_u1.jpg,Chaetodon_smithi_Bishop_-1166721005.jpg,11,60,11,medium
Chaetodon smithi,Chaetodon_smithi_FishBase_Chsmi_u3.jpg,Chaetodon_smithi_Bishop_-608924262.jpg,11,61,11,medium
Chaetodon smithi,Chaetodon_smithi_FishBase_Chsmi_u3.jpg,Chaetodon_smithi_Bishop_-756583267.jpg,11,51,11,medium
Chaetodon tinkeri,Chaetodon_tinkeri_FishBase_Chtin_u2.jpg,Chaetodon_tinkeri_Bishop_1959828294.jpg,11,34,11,medium
Coradion chrysozonus,Coradion_chrysozonus_FishBase_Cochr_u3.jpg,Coradion_chrysozonus_Bishop_1721541363.jpg,11,84,11,medium
Amphichaetodon howensis,Amphichaetodon_howensis_FishBase_Amhow_u3.jpg,Amphichaetodon_howensis_Bishop_472868867.jpg,12,54,12,medium
Amphichaetodon howensis,Amphichaetodon_howensis_FishBase_Amhow_u1.jpg,Amphichaetodon_howensis_Bishop_-369771762.jpg,12,57,12,medium
Chaetodon auriga,Chaetodon_auriga_FishBase_Chaur_u0.jpg,Chaetodon_auriga_Bishop_-2122348146.jpg,12,79,12,medium
Chaetodon auriga,Chaetodon_auriga_FishBase_Chaur_u8.jpg,Chaetodon_auriga_Bishop_843681634.jpg,12,56,12,medium
Chaetodon baronessa,Chaetodon_baronessa_FishBase_Chbar_u1.jpg,Chaetodon_baronessa_Bishop_-2122794458.jpg,12,53,12,medium
Chaetodon baronessa,Chaetodon_baronessa_FishBase_Chbar_u4.jpg,Chaetodon_baronessa_Bishop_918345433.jpg,12,71,12,medium
Chaetodon melannotus,Chaetodon_melannotus_FishBase_Chmel_u6.jpg,Chaetodon_melannotus_Bishop_-1126507013.jpg,12,77,12,medium
Chaetodon melapterus,Chaetodon_melapterus_FishBase_Chmel_u9.jpg,Chaetodon_melapterus_Bishop_-738901426.jpg,12,77,12,medium
Chaetodon rafflesii,Chaetodon_rafflesii_FishBase_Chraf_u2.jpg,Chaetodon_rafflesii_Bishop_497192485.jpg,12,85,12,medium
Chaetodon rafflesii,Chaetodon_rafflesii_FishBase_Chraf_u3.jpg,Chaetodon_rafflesii_Bishop_497192485.jpg,12,87,12,medium
Chaetodon selene,Chaetodon_selene_FishBase_Chsel_u0.jpg,Chaetodon_selene_Bishop_-1379331455.jpg,12,84,12,medium
Chaetodon speculum,Chaetodon_speculum_FishBase_Chspe_u0.jpg,Chaetodon_speculum_Bishop_65885528.jpg,12,78,12,medium
Forcipiger flavissimus,Forcipiger_flavissimus_FishBase_Fofla_u0.jpg,Forcipiger_flavissimus_Bishop_-1548318421.jpg,12,95,12,medium
Amphichaetodon howensis,Amphichaetodon_howensis_FishBase_Amhow_u3.jpg,Amphichaetodon_howensis_Bishop_-1464681654.jpg,13,70,13,medium
Chaetodon auriga,Chaetodon_auriga_FishBase_Chaur_u7.jpg,Chaetodon_auriga_Bishop_1988149751.jpg,13,99,13,medium
Chaetodon auriga,Chaetodon_auriga_FishBase_Chaur_un.jpg,Chaetodon_auriga_Bishop_1449897185.jpg,13,71,13,medium
Chaetodon baronessa,Chaetodon_baronessa_FishBase_Chbar_u0.jpg,Chaetodon_baronessa_Bishop_601798515.jpg,13,48,13,medium
Chaetodon baronessa,Chaetodon_baronessa_FishBase_Chbar_u1.jpg,Chaetodon_baronessa_Bishop_601798515.jpg,13,67,13,medium
Chaetodon bennetti,Chaetodon_bennetti_FishBase_Chben_u2.jpg,Chaetodon_bennetti_Bishop_-2064196433.jpg,13,99,13,medium
Chaetodon citrinellus,Chaetodon_citrinellus_FishBase_Chcit_u3.jpg,Chaetodon_citrinellus_Bishop_-1191499504.jpg,13,68,13,medium
Chaetodon collare,Chaetodon_collare_FishBase_Chcol_u3.jpg,Chaetodon_collare_Bishop_1403678122.jpg,13,86,13,medium
Chaetodon fasciatus,Chaetodon_fasciatus_FishBase_Chfas_u1.jpg,Chaetodon_fasciatus_Bishop_-1886056978.jpg,13,59,13,medium
Chaetodon lunula,Chaetodon_lunula_FishBase_Chlun_u6.jpg,Chaetodon_lunula_Bishop_2036473160.jpg,13,78,13,medium
Chaetodon mertensii,Chaetodon_mertensii_FishBase_Chmer_u2.jpg,Chaetodon_mertensii_Bishop_2125964090.jpg,13,70,13,medium
Chaetodon mertensii,Chaetodon_mertensii_FishBase_Chmer_u3.jpg,Chaetodon_mertensii_Bishop_-727881428.jpg,13,64,13,medium
Chaetodon mertensii,Chaetodon_mertensii_FishBase_Chmer_u3.jpg,Chaetodon_mertensii_Bishop_1869466931.jpg,13,80,13,medium
Chaetodon plebeius,Chaetodon_plebeius_FishBase_Chple_u3.jpg,Chaetodon_plebeius_Bishop_-531604202.jpg,13,53,13,medium
Chaetodon plebeius,Chaetodon_plebeius_FishBase_Chple_u4.jpg,Chaetodon_plebeius_Bishop_-243381367.jpg,13,53,13,medium
Coradion melanopus,Coradion_melanopus_FishBase_Comel_u1.jpg,Coradion_melanopus_Bishop_1537514406.jpg,13,69,13,medium
Coradion melanopus,Coradion_melanopus_FishBase_Comel_u2.jpg,Coradion_melanopus_Bishop_726040623.jpg,13,71,13,medium
Forcipiger flavissimus,Forcipiger_flavissimus_FishBase_Fofla_u0.jpg,Forcipiger_flavissimus_Bishop_-1224605166.jpg,13,95,13,medium
Heniochus monoceros,Heniochus_monoceros_FishBase_Hemon_u1.jpg,Heniochus_monoceros_Bishop_1235534495.jpg,13,84,13,medium
Parachaetodon ocellatus,Parachaetodon_ocellatus_FishBase_Paoce_u2.jpg,Parachaetodon_ocellatus_Bishop_-506807721.jpg,13,59,13,medium
Amphichaetodon howensis,Amphichaetodon_howensis_FishBase_Amhow_u2.jpg,Amphichaetodon_howensis_Bishop_-369771762.jpg,14,71,14,medium
Chaetodon auriga,Chaetodon_auriga_FishBase_Chaur_u4.jpg,Chaetodon_auriga_Bishop_1449897185.jpg,14,93,14,medium
Chaetodon auriga,Chaetodon_auriga_FishBase_Chaur_ud.jpg,Chaetodon_auriga_Bishop_1449897185.jpg,14,79,14,medium
Chaetodon baronessa,Chaetodon_baronessa_FishBase_Chbar_u0.jpg,Chaetodon_baronessa_Bishop_918345433.jpg,14,54,14,medium
Chaetodon baronessa,Chaetodon_baronessa_FishBase_Chbar_u4.jpg,Chaetodon_baronessa_Bishop_-2122794458.jpg,14,55,14,medium
Chaetodon bennetti,Chaetodon_bennetti_FishBase_Chben_u1.jpg,Chaetodon_bennetti_Bishop_711591108.jpg,14,98,14,medium
Chaetodon collare,Chaetodon_collare_FishBase_Chcol_u2.jpg,Chaetodon_collare_Bishop_1999007469.jpg,14,88,14,medium
Chaetodon fasciatus,Chaetodon_fasciatus_FishBase_Chfas_u6.jpg,Chaetodon_fasciatus_Bishop_2100774615.jpg,14,56,14,medium
Chaetodon lunula,Chaetodon_lunula_FishBase_Chlun_u8.jpg,Chaetodon_lunula_Bishop_543936522.jpg,14,74,14,medium
Chaetodon melannotus,Chaetodon_melannotus_FishBase_Chmel_u4.jpg,Chaetodon_melannotus_Bishop_-1126507013.jpg,14,91,14,medium
Chaetodon melannotus,Chaetodon_melannotus_FishBase_Chmel_u8.jpg,Chaetodon_melannotus_Bishop_-1126507013.jpg,14,77,14,medium
Chaetodon mertensii,Chaetodon_mertensii_FishBase_Chmer_u4.jpg,Chaetodon_mertensii_Bishop_1869466931.jpg,14,67,14,medium
Chaetodon mesoleucos,Chaetodon_mesoleucos_FishBase_Chmes_u7.jpg,Chaetodon_mesoleucos_Bishop_-899095560.jpg,14,63,14,medium
Chaetodon miliaris,Chaetodon_miliaris_FishBase_Chmil_u1.jpg,Chaetodon_miliaris_Bishop_725437158.jpg,14,68,14,medium
Chaetodon plebeius,Chaetodon_plebeius_FishBase_Chple_u5.jpg,Chaetodon_plebeius_Bishop_-531604202.jpg,14,64,14,medium
Chaetodon punctatofasciatus,Chaetodon_punctatofasciatus_FishBase_Chpun_u0.jpg,Chaetodon_punctatofasciatus_Bishop_1458053428.jpg,14,92,14,medium
Chaetodon rafflesii,Chaetodon_rafflesii_FishBase_Chraf_u2.jpg,Chaetodon_rafflesii_Bishop_-779601278.jpg,14,59,14,medium
Chelmon muelleri,Chelmon_muelleri_FishBase_Chmue_u1.jpg,Chelmon_muelleri_Bishop_1919363298.jpg,14,67,14,medium
Chelmon rostratus,Chelmon_rostratus_FishBase_Chros_u0.jpg,Chelmon_rostratus_Bishop_-1630595999.jpg,14,99,14,medium
Parachaetodon ocellatus,Parachaetodon_ocellatus_FishBase_Paoce_u3.jpg,Parachaetodon_ocellatus_Bishop_-154342580.jpg,14,60,14,medium
Chaetodon auriga,Chaetodon_auriga_FishBase_Chaur_u9.jpg,Chaetodon_auriga_Bishop_1449897185.jpg,15,96,15,medium
Chaetodon baronessa,Chaetodon_baronessa_FishBase_Chbar_u3.jpg,Chaetodon_baronessa_Bishop_601798515.jpg,15,30,15,medium
Chaetodon citrinellus,Chaetodon_citrinellus_FishBase_Chcit_u1.jpg,Chaetodon_citrinellus_Bishop_-1937929700.jpg,15,66,15,medium
Chaetodon citrinellus,Chaetodon_citrinellus_FishBase_Chcit_u4.jpg,Chaetodon_citrinellus_Bishop_-1736280642.jpg,15,85,15,medium
Chaetodon citrinellus,Chaetodon_citrinellus_FishBase_Chcit_u5.jpg,Chaetodon_citrinellus_Bishop_-1191499504.jpg,15,65,15,medium
Chaetodon citrinellus,Chaetodon_citrinellus_FishBase_Chcit_u5.jpg,Chaetodon_citrinellus_Bishop_-1736280642.jpg,15,53,15,medium
Chaetodon gardineri,Chaetodon_gardineri_FishBase_Chgar_u0.jpg,Chaetodon_gardineri_Bishop_-1706450280.jpg,15,87,15,medium
Chaetodon kleinii,Chaetodon_kleinii_FishBase_Chkle_u2.jpg,Chaetodon_kleinii_Bishop_-1577854379.jpg,15,61,15,medium
Chaetodon lunulatus,Chaetodon_lunulatus_FishBase_Chlun_uc.jpg,Chaetodon_lunulatus_Bishop_1113667583.jpg,15,77,15,medium
Chaetodon melannotus,Chaetodon_melannotus_FishBase_Chmel_u6.jpg,Chaetodon_melannotus_Bishop_-1381464288.jpg,15,90,15,medium
Chaetodon melapterus,Chaetodon_melapterus_FishBase_Chmel_u2.jpg,Chaetodon_melapterus_Bishop_690928567.jpg,15,76,15,medium
Chaetodon plebeius,Chaetodon_plebeius_FishBase_Chple_u4.jpg,Chaetodon_plebeius_Bishop_-113106721.jpg,15,88,15,medium
Chaetodon tinkeri,Chaetodon_tinkeri_FishBase_Chtin_u2.jpg,Chaetodon_tinkeri_Bishop_-1989865351.jpg,15,61,15,medium
Coradion chrysozonus,Coradion_chrysozonus_FishBase_Cochr_u5.jpg,Coradion_chrysozonus_Bishop_-1821725095.jpg,15,80,15,medium
Coradion chrysozonus,Coradion_chrysozonus_FishBase_Cochr_u5.jpg,Coradion_chrysozonus_Bishop_1721541363.jpg,15,83,15,medium
Heniochus acuminatus,Heniochus_acuminatus_FishBase_Heacu_u6.jpg,Heniochus_acuminatus_Bishop_2027043176.jpg,15,88,15,medium
Heniochus diphreutes,Heniochus_diphreutes_FishBase_Hedip_u1.jpg,Heniochus_diphreutes_Bishop_1453219286.jpg,15,107,15,medium
